well_id,score,suspicion,is_honeypot,hard_veto,flags
008a81a1e28845dcab7bed7d8febd9b4,0.0,1.7642,True,False,
00dda84c93a842bba5c912dcf3d7f884,0.0,1.2629,True,False,
01155052c34b43b096bfef59b323d70d,0.0,0.9831,False,False,
01cb6035729e431a9153167ad247edfc,0.0,1.2564,True,False,
01dc0279a4b74d0caffebb49f00286ca,0.0,0.9072,False,False,
0254d93c31c84cc286a97e99c70474a4,0.0,0.9609,False,False,
02a3d8c533f94c078f62f801cb88148d,3.0,4.7489,True,True,neg_porosity_pervasive
02b466d77c694e06b254edaaedbc5689,0.0,1.6756,True,False,
02bc75fa9e6840c1aeab665063361ce1,0.5,2.2128,True,False,fragile_resistivity_pay
030a6ceaabf5430ea30acd671d0d2aa7,0.0,0.7585,False,False,
03f65be0dc074aa18b22c1bf21a0e2df,3.0,6.2231,True,True,raw_oob_violations
040086c1b6fd4abfb585e3bfe78244b4,0.0,1.3768,True,False,
04a27469892a4fabb084f2f2b5bbca09,0.0,0.9462,False,False,
0520c101e4e04507808cdba98cb10377,0.0,0.9729,False,False,
05360fcd060e4183bb33f5fe50d4d1b3,0.0,0.9938,False,False,
0555f245365447d5bc4adc153cc34980,0.0,1.7985,True,False,
05cc418b68194a9ea4fbbb4affde607b,0.0,0.9766,False,False,
05f283f468de4325a1cef03b23682244,0.0,1.6328,True,False,
0614f545342d4277bce3d918d617daca,0.0,1.0799,True,False,
061756c2dff340249661ed788b40d1dc,0.0,1.2698,True,False,
068f5ccb27504188a42183155bda4bb0,3.0,5.5665,True,True,raw_oob_violations
06da48c78e6e4e1095bf12be7053fb3f,3.0,5.2708,True,True,raw_oob_violations
070cdd6c286447b5971bcdbdae557847,0.0,1.1003,True,False,
070ea204900243aa8b4650681aeeac64,0.0,1.0479,True,False,
07b6a9c7187a4bc3a160a26c750066af,3.0,9.9921,True,True,raw_oob_violations
07d5a7d30b1a490998dd4adbd006d2f0,0.0,0.9221,False,False,
0897d3c69d144bb58c5124d432dd4f96,0.0,0.89,False,False,
08a5efb6580448f9908d0b5e9c29dfeb,0.5,1.5,True,False,fragile_resistivity_pay
08b88f478410445a9e77d14bed3a366a,0.0,1.0215,False,False,
08c9992f01f94fe886a8e156aca4bde5,0.0,1.0781,True,False,
08fb17d42bfc45a3884194f597f755ca,0.0,1.434,True,False,
09d16b74a4f54b43a747d0d1d8b7c3ea,0.0,0.8372,False,False,
09fffc16465f4819bf157ee7b07bc42d,0.0,0.77,False,False,
0a02bac0ecde4e93bfe72f9878eb836d,0.0,1.4251,True,False,
0a371dfda0f64272b24c7cd5b7d70e6a,0.0,0.9751,False,False,
0a7498d33ffd47148e2b3931870cf69f,0.0,1.2763,True,False,
0a9d1ea2306c4d01b729d9ff65587942,0.0,1.135,True,False,
0b18eab9ae0148edbcf9cbf607fb0147,0.0,0.8383,False,False,
0bb8e2882ad6426ca529fcfc730d7908,0.0,0.8744,False,False,
0be80b6650d44e82984909303362144d,0.0,0.9329,False,False,
0c3d74f5fa684889ac78442c6d05df52,0.0,1.0736,True,False,
0c59bb9bd1104fd2a0d8e992e86a47b9,0.0,1.0939,True,False,
0cb8704054dc47608de0f28728983293,0.0,0.9478,False,False,
0d6a3df8f9f54df4bf81c8601d9961c6,0.0,1.054,True,False,
0d9332063bd14ba69e224d6c9276b3ae,0.0,1.2496,True,False,
0da66e1cf8b842eaa11e92196f5ee9d5,3.0,6.0377,True,True,density_neutron_impossible
0e71c53a6b164a4b923949199b8cacc8,0.0,1.6073,True,False,
0eb41ddf3553443b90687f4076513d78,0.0,1.0936,True,False,
0ee85d3fcfcd4e69aaf8caaabc130c39,0.0,0.5994,False,False,
0eef38575f2f484bb42f65abeff5c26a,0.0,1.0742,True,False,
0effee457908482f8512b9dfbae7cb85,0.0,1.0985,True,False,
0f117a3776654487927cd62999b7826c,0.0,1.2096,True,False,
0f43ce0462ea471f8500596e5ce3a1c8,0.0,0.8709,False,False,
0f82f8e1d9e645d9a71f96658c442647,0.0,1.6671,True,False,
0fb8928230a446278d65ba49b50dc627,0.0,1.1079,True,False,
1005b570d68642d9aaaeadfc3957525e,6.0,9.1914,True,True,impossible_porosity_pervasive|raw_oob_violations
10dfac37ac4946b294505d1dd5cba522,0.0,1.0948,True,False,
11a3f34cc694444982a8ee48602a63ce,0.0,0.1044,False,False,
11bcdd09663b4d50b2b864b858a3248a,3.0,4.7828,True,True,density_neutron_impossible
128faf2259f24d10ba51a44204f4510d,0.0,2.1914,True,False,
12ca01ef590f4e0eb98e10547d6ccdff,0.0,0.9667,False,False,
133ac4f8766a4021b82c3f988b6f41cd,0.0,1.0846,True,False,
13b4a532e3ea447fa56251d46244d9fd,0.0,1.0376,False,False,
14196706720946deaadfd0ec58f7b118,0.0,1.224,True,False,
144c94959a8a46dd82f9036cbdd045a2,0.0,1.5836,True,False,
14c4e168f3c94dca98b0c41ba50c69fd,0.0,1.9468,True,False,
14cd7be78a204584b47b542bc22d69e3,0.0,1.5054,True,False,
14e39492275e4593a2a0b511ddb8e08b,0.0,1.653,True,False,
15e8c93423034269867f045203d6c7b7,1.5,1.5,True,False,dead_primary_curve
16140b8307e54d2290113df2ce4f8929,3.0,5.7104,True,True,raw_oob_violations
1660bf50bfc04c6e85d4c6d8b71c00fd,0.0,0.9912,False,False,
16e93e9a67ec4a3f8cc523e1208dac5f,0.0,0.9461,False,False,
1735a543de6649f29859f081fdd9b8d1,4.5,7.0017,True,True,dead_primary_curve|raw_oob_violations
173fc8a390a5491b941356154efc66a7,0.0,0.4735,False,False,
1787fb253f9c486b851e5f5540fd45ef,0.0,0.8577,False,False,
1792d7195ead4bb797ae1664cca53f16,3.0,4.9822,True,True,raw_oob_violations
17985982829a45dcb57ea813d4263567,0.0,1.4189,True,False,
18148cb7283c4a34ba7cc3dd64eec59e,0.0,1.2483,True,False,
183b4fe5c2274412a717271a499a7639,0.0,1.65,True,False,
18af92589ba448d8a609de9aa0524f2c,0.0,1.0546,True,False,
18b2eee7a6344478b0ddda665db4fc45,0.0,1.0515,True,False,
1903014472524e2090ccb263f6c4c135,0.0,0.7985,False,False,
1984a8e33aba49729af48e4fe9a0c692,0.0,0.9557,False,False,
19cd4cd21d2146a2bb43a85a664a9af2,3.0,5.6209,True,True,raw_oob_violations
1a7021f5236d4fb18c60308943deeaeb,0.5,1.5188,True,False,fragile_resistivity_pay
1a9659fc83a54b908dd80813aee281a9,0.0,1.4618,True,False,
1ba870df769f4b72ac995f39f9ed1a04,0.0,0.9077,False,False,
1bc6b4c9d770466eb414234e58312729,1.5,2.5156,True,False,dead_primary_curve
1bd068fd2e3f4364a082d903a14eacf1,0.0,1.065,True,False,
1bf2798b1b154ab88b2da3eafb556c62,0.0,0.9592,False,False,
1c44ec42a9c741109a67728dfb4f138a,0.0,0.7883,False,False,
1c9ae580fd694749920151854f0ad659,0.5,1.4622,True,False,fragile_resistivity_pay
1cb6762bdfa0435b96f404ff4e8e4ff8,0.0,1.1082,True,False,
1d091abafd64459cb1bd6b580b79a409,3.0,5.2225,True,True,raw_oob_violations
1dee15dd67d749df826fe8f0ab8f5f99,0.0,1.1553,True,False,
1e38232af3af416c98a1346d66107ca0,0.0,0.944,False,False,
1e964686c9614fceb65abb1c9ea81ffe,0.0,1.0542,True,False,
1ee28d636c2c4fbb9bd54e0ad4ea7844,0.0,1.0946,True,False,
1fb2f7b60fe347e28acf5c0889417c62,0.0,0.9415,False,False,
1fc54168c419478083772e187deb8a8b,0.0,1.3575,True,False,
20d7e591f5584e95b1c92420a8c861eb,0.0,1.28,True,False,
20d8a6f7e09243d0bba618028fdf62cf,0.0,1.0205,False,False,
216119e0662e402aaa26caeab7aaeef3,0.0,1.0461,True,False,
21c24bf285904f7fbfadb4d7e0d596b3,0.0,0.9768,False,False,
21eb8e5aa5ff476e921329770a693d54,0.0,1.0674,True,False,
220df64397d9467f9e44c39d30f67133,0.0,1.038,False,False,
22819c615bfe46a59c1435440ce54073,4.5,6.6004,True,True,dead_primary_curve|raw_oob_violations
22af30f94826496a8a49403c1d17d464,0.0,0.94,False,False,
22ea0efc83ad4a83aebcb6f79b8f72f2,0.0,0.8595,False,False,
22edfbafa9cb481886f10de541912679,0.0,1.1129,True,False,
231901bdd3c24ea5a0db4b34c84aeafb,0.0,1.1227,True,False,
23468e3552ba43a9b0fc29eee3a6344b,0.0,1.0188,False,False,
23c85adfcc324699a0012c003f26ceff,0.5,1.5128,True,False,fragile_resistivity_pay
241802c0e52c4827a6c6ccb619da8936,0.0,1.4245,True,False,
241caa85c9484fad8fcb1a50c4522ed2,0.0,0.9851,False,False,
244bc595e36b4aa68f9ad81f4418bcfc,0.0,0.8774,False,False,
261246ac08124561a5c2b4d4aa41369e,0.0,1.2923,True,False,
2621dff689d047abaff0ac05b0cf0c8e,0.0,0.8633,False,False,
2690c682297a450dbb0612f93f0767a2,0.0,0.8919,False,False,
27521b796ee4417e99ae52a8cf0767d0,3.0,4.3865,True,True,neg_porosity_pervasive
2796249facfc404a80e3e48e4d4368f0,0.5,1.4352,True,False,fragile_resistivity_pay
282c01bb93b94fb9b89718874203db76,0.0,1.2566,True,False,
287f3841a2d941f19baa22cd506d61ea,0.0,1.0104,False,False,
28a07f1a9af84d26bd2ddfdf283c5ca1,4.5,5.8935,True,True,neg_porosity_pervasive|dead_primary_curve
28a1ff20e15c4c78b604b62fdf2e2cf9,0.0,0.9579,False,False,
290f15eaf8364088936029a241186980,0.0,1.0422,True,False,
291ca8b6d90f41029862f8723c53e75d,0.0,1.05,True,False,
2a25bf93b31c47f282c9c2fe9949a115,0.0,1.1008,True,False,
2a775616226f44d6a90bdb5e2d258223,0.0,1.048,True,False,
2a96ae191a03486c8fd3c24973418708,0.0,1.4483,True,False,
2aa0fc483f214096868dbca4066eacd9,0.0,0.7446,False,False,
2aa513d031414266b7ca119b296cd018,6.0,7.4389,True,True,neg_porosity_pervasive|density_neutron_impossible
2ab8df932fc74dc8856d482da4908da1,0.0,0.7884,False,False,
2ad69e44683c48b4a02f167f029e496c,0.0,0.9986,False,False,
2b013c22a51a4bee8ac2164d4782b636,0.0,0.9146,False,False,
2b8785d563694c829872490c4e4393fa,0.0,1.7842,True,False,
2bd5da58ed7040feb8c95112142dd7cd,0.0,1.0208,False,False,
2c2917c9074446fa944f3d998f0e07d3,0.0,0.9284,False,False,
2c2f3d1dda154e509939e77646323de1,0.0,0.9687,False,False,
2c840bb750554c1b846940c04240cbc3,0.0,0.7854,False,False,
2caa5d1edc254f8ba97a0a6d42f894d5,0.5,1.6355,True,False,fragile_resistivity_pay
2ccc524fba7140079c0b05c9509bdd3b,3.0,4.1681,True,True,density_neutron_impossible
2cde6c0bff7844ff99ce40df4be36d7a,0.0,1.0577,True,False,
2cf6e99afe504e0a8aba7fae8dfaa7dc,0.0,1.0636,True,False,
2d0a0bd6fb914ec7aee8db5561971d0a,3.0,5.2883,True,True,neg_porosity_pervasive
2d5a1b2d1f3945eb9a4b2042c2be3886,3.0,6.1142,True,True,raw_oob_violations
2d9b42ff2f6742139830db95c7915ec1,0.0,1.0149,False,False,
2da2db0656e14cecb9a6d1013879da47,0.0,0.9414,False,False,
2da3fb13245041dab9a11b928a30e50e,0.0,1.2427,True,False,
2daf991fb8954eee9bac8f5953dd944f,0.0,1.045,True,False,
2de8019b0c8a47d5a79264d63e3e77c5,0.0,0.912,False,False,
2debac8b28fd4a21a80d68cb788ff99c,0.0,1.0037,False,False,
2df2a3b6d750407eaa705b853f8858d7,0.0,0.9328,False,False,
2e33364b8c13471b969a6a93565f84e0,0.0,1.0917,True,False,
2e6315fd30534ec99db4fd76f222c24e,6.0,9.0037,True,True,neg_porosity_pervasive|density_neutron_impossible
2ebcd3a714db4a759f755816aee11181,0.0,1.0649,True,False,
2efac2566afe4405bc3f04cccba86889,3.0,4.3926,True,True,impossible_porosity_pervasive
2f308ad4973b4867a164fd93a421f13b,0.0,0.9344,False,False,
2f7a0d2b4d4445f7b2819f350cddc5f1,6.0,8.7674,True,True,density_neutron_impossible|raw_oob_violations
2f84f2786f5243a2897f15e94f2f7c9f,0.0,1.1098,True,False,
3020950e02da4aea9dc8e2cdad25c4d6,0.0,0.9242,False,False,
309ad0a7a60d426ba4cae964750082e2,0.0,1.0808,True,False,
30e47956dae642edae3d8b6100a6dd57,0.0,1.1911,True,False,
30ec6626e5f64547b0bbfca81f2a7272,0.5,1.4425,True,False,fragile_resistivity_pay
312151292209410484bc1591484ec9ff,0.0,1.5493,True,False,
317491cb93f74461ae47415e59d250c4,0.0,1.0242,False,False,
317ee32837774f5fa1a7bde4747f6f0c,0.0,0.9309,False,False,
3198e2869ced495a9bba5462969a6f88,0.0,1.5048,True,False,
324bd097e52d4c298607560e6d6ca63a,0.0,1.5421,True,False,
324f0f863dd0458ab607a249eab2d2a0,3.0,5.0446,True,True,neg_porosity_pervasive
333a745b78a14bb396c4ec002f45ff09,0.0,1.1173,True,False,
33728e6e47f2467a9888fc375c2c7f4b,0.0,0.8229,False,False,
33aa298d8617412c878686ccd5babcf7,0.0,0.9411,False,False,
340840e246114f858b334e5fa2d43e73,0.0,0.6892,False,False,
34126618c487423ebec6dac4d543a3e2,0.0,1.2015,True,False,
3422e18a242743b08ac48163fded0a29,0.0,1.0053,False,False,
3468de608d33496a8ef0ca763197add0,0.0,0.943,False,False,
348cced7e4cc458fb88bb37c05500029,6.0,8.5938,True,True,density_neutron_impossible|raw_oob_violations
34a3203b88ef48449105cfb7ced843c5,0.0,1.2244,True,False,
36a2cf6d2d61405e836e9c94d427ac36,0.0,1.2,True,False,
36d22478908b4f5fa7fb13518f025592,0.0,1.2719,True,False,
37039392ff6245e4a5e9be691d43bf7a,0.0,0.9154,False,False,
376b6e0c18744bfea8ad87933aae16e2,0.0,1.1005,True,False,
3821cbcfd6024b2181d7849ec6d7bf9f,0.0,1.1368,True,False,
3870e29d2fc6438ea68b2aa5d015c47e,3.0,4.1567,True,True,density_neutron_impossible
38ad07821a184f7bb07195632e33f824,0.0,0.9965,False,False,
38bcfa37850144e98d55aa2b820b090d,0.0,1.1151,True,False,
38cbf12a66df4cacaf8521624e92731b,0.0,0.9751,False,False,
38d1f95692f24bc58bcb6d2aab266300,0.0,1.4015,True,False,
38f6d9ad73b4427b855a3bb8f56524d1,0.0,1.3391,True,False,
39447fa3c42343ba987784d1c23f723c,0.0,1.0401,True,False,
394e8092fc0447788cfd0049cd5df245,0.0,0.9915,False,False,
3971e3a3055043c7bc6e2256010cf7f2,0.0,0.8217,False,False,
39a43c6195b54e1a80b5a217a7718942,0.0,0.8953,False,False,
3a5aa1fa232d4dd8b93bb7e9a65bf68a,0.0,0.9415,False,False,
3b110bf28b1c4276ad6090a4505b18cf,4.5,7.0356,True,True,dead_primary_curve|raw_oob_violations
3b1a1ea3dbb4479ab07954aea3d3955d,0.0,1.4363,True,False,
3b632e78ee064229a56838341a7488cc,4.5,7.1844,True,True,dead_primary_curve|raw_oob_violations
3c099b8df0eb45d88f5acfc2592f7f6b,0.0,1.0649,True,False,
3c5f9d1a865644a1b1bcb9dac37fce68,0.0,0.9569,False,False,
3ccdc50ac2bb4b22aadba77869c47fe8,0.0,0.796,False,False,
3cec552899cb4bdba44391ff728177d5,3.0,4.0724,True,True,density_neutron_impossible
3d0592dcb4b84262a00865191b852821,3.0,5.9722,True,True,raw_oob_violations
3daf6887e60641cf9ebf38dddc6cc705,0.0,1.5988,True,False,
3e5d3da1f62747048234373cdb6b2be7,3.0,4.8795,True,True,neg_porosity_pervasive
3ed2ed8ed5ac4faaa75c930912052181,0.0,0.77,False,False,
3ee9dfef4f714dd2b5ef92eae0659c10,0.0,1.0074,False,False,
3f0dd41f831b4046b6f8738ea0c56e48,0.0,0.9702,False,False,
3f0e5d2fa69c466bbfee04d9b76d2eb0,0.0,1.1321,True,False,
3f1aa9eb002f4fb6a10e669c982b802c,0.0,0.8675,False,False,
3f46309b1b4747a8a1f4d3dc336fd442,0.0,1.3396,True,False,
3f49b4279fac44e6bba49efd27f32484,0.0,1.0535,True,False,
3f617c3ff81940e18d36b4e544ffe7b9,0.0,0.9009,False,False,
4069730a6f364e2cbbb6758fd742a116,0.5,1.9909,True,False,fragile_resistivity_pay
4144d921711d4de382a0268439d3d844,6.0,8.6087,True,True,neg_porosity_pervasive|density_neutron_impossible
4146652502cf4faa81e8df6863bbc9ee,0.0,1.1426,True,False,
41824c42f8c14b8bbfcf90a04490caa4,0.0,0.8808,False,False,
41e450058e964069b34c95bab2fc5b4c,0.0,1.1378,True,False,
42cfe71ea9ef42b9806b1b53ec5f81e7,0.0,0.7441,False,False,
42fe1db43ba749a0bb26be4b0fa3f063,0.0,1.1728,True,False,
4343c76850f9400f927bbec05d5d23ff,0.0,0.8705,False,False,
44cdd62f38d74604b778b295fb213583,3.0,4.767,True,True,density_neutron_impossible
44ddaeb988ae42a684992aaa52f31197,0.0,1.1239,True,False,
44fdb519f0b145feb5c20a438635860b,0.0,0.9634,False,False,
4500f4c604934ef79cc07df34b0d6e24,3.0,4.3069,True,True,density_neutron_impossible
456ef2e2736d402e9c36d07850fc13aa,0.0,1.0206,False,False,
45cc1d9ac3ab406c9bf175a88e1b8c8a,0.0,0.963,False,False,
45d1eef879994ee3a222c7c5046c7a40,0.0,1.0367,False,False,
45fd2e993d98405da0140ed902911953,0.0,0.9971,False,False,
4669f25d04c6411386f1a9316aca993a,0.0,0.9852,False,False,
46d9f92f2ba24730b83c80391ac3bfb5,3.0,68.3356,True,True,neg_porosity_pervasive
46fdcb16c5ec4a30844092254a0e11d4,6.0,8.1842,True,True,neg_porosity_pervasive|density_neutron_impossible
473c1543e8ca4d3dba3e8e3af575bad9,0.0,1.0829,True,False,
4747cd776421453f9dc049fd745f2421,0.0,1.3788,True,False,
47cba280f1e1489c88eacdb7e10f3ccc,0.0,0.8411,False,False,
47e7976204714447ae55352833554499,0.5,1.5137,True,False,fragile_resistivity_pay
480f3497bd17407dbdc756d8debe967a,6.0,9.5042,True,True,neg_porosity_pervasive|density_neutron_impossible
48873c5bc8e4442ea76f052ab57ead5f,0.0,0.932,False,False,
489eb2fdeba146a7b0ab9cc935316b0c,0.0,1.0107,False,False,
495f3e95640a4190a645d1573468c397,0.0,0.9709,False,False,
498a0b59772741b98e097fa40dd77078,0.0,1.0335,False,False,
498f4a160f7f4b55b0612dc0aab4d869,0.0,0.8852,False,False,
49e8651c22cd4c34a383f0b95e3f0d2c,3.0,5.6153,True,True,density_neutron_impossible
4a22cdb58e7a48658c202066eac50392,0.0,1.0604,True,False,
4a6f361ce59541a0909cb6c6b5d594cb,0.0,1.0449,True,False,
4a86fdc7116d483293eab27839d0df90,0.0,0.9242,False,False,
4c086a70b71e44f083d84b5a556078b5,0.0,1.4529,True,False,
4c1b4395b3ac4e14b03fab48ccc695f8,0.0,1.0295,False,False,
4c8ee9cddce340dabfb3da822074d83b,0.0,1.0412,True,False,
4ca6531db71a47e5940fed23b91777dd,0.0,1.1044,True,False,
4d0f6c870f3149e6a1887b0f96d50c56,0.0,1.2561,True,False,
4d40338bdba64869b81e7902c063b8fc,0.0,1.3861,True,False,
4d5a3587bae64d97b79fc5b42df73a07,0.0,0.7449,False,False,
4d62054a58df4d9abc18ad6b5998c8b0,0.0,1.1318,True,False,
4e0238e587a64b268ac97999d9fdfe82,4.5,6.9514,True,True,dead_primary_curve|raw_oob_violations
4e5e15a9d6074298a699df5f0480183d,0.0,1.0257,False,False,
4e5f407c4cc34df69b41057ed8d1eb55,0.0,0.9425,False,False,
4e7b4589bb5941d2bb4a9aa9783ee247,0.0,0.989,False,False,
4e833a953f0042b18ee1367ea10f9630,0.0,1.108,True,False,
4eba0de8fde14e248eb5151fadc6912a,0.0,0.9615,False,False,
4ec72489709d4d5ebd41d6a840367871,0.0,0.781,False,False,
4f21e76230644c8a84e6b8cd65df7d1c,0.0,0.9866,False,False,
4f368356fa72492abb5119e83f97372b,0.0,1.0667,True,False,
4f9ff3be3fed4df3af52078b74d232c6,0.0,1.094,True,False,
4fd374b21c0145c7ae00d42c89595345,0.5,2.4278,True,False,fragile_resistivity_pay
4fdf95e035f04abb833353067d29d6be,0.0,0.9424,False,False,
4ff18413882b4f7b9e353d1e37f81fdf,0.0,1.4637,True,False,
50aece47871b4721932e32d72c2cecf7,0.0,1.2675,True,False,
51d67e83f6ca4d668fb9066d8e8d6009,0.0,0.6671,False,False,
52783ab017664d4cbf39dd34d8546232,0.0,1.5746,True,False,
52f58fdc0c7c41bab346fb3e42a8b919,0.0,1.3134,True,False,
539f2c800b114ba2b2fdf211c2eade04,0.0,1.0172,False,False,
53bca4d0836c4e0faf50675eecd55a04,0.0,1.1049,True,False,
5427837d8af9459c9c2dea9540763562,0.0,1.0575,True,False,
542856545cc74971ab4a1b271a706d2a,0.0,0.9227,False,False,
549df0e89dab4a2292bdf2c142fb9486,6.5,7.9267,True,True,neg_porosity_pervasive|density_neutron_impossible|fragile_resistivity_pay
54c1f8ba0cd2454ba58ed1093c7a8429,0.0,1.0736,True,False,
552b4b4b5bff474293d9226c8af380c5,4.5,7.1916,True,True,dead_primary_curve|raw_oob_violations
55c41398e72049708f03c2100ba39915,0.0,1.0502,True,False,
55de7429048a480d9192606fca60884e,0.5,1.4546,True,False,fragile_resistivity_pay
56a19b58cf5b4ae4882ef5d8ed75dd53,0.0,1.0574,True,False,
56c5b84a2add4ec584d015e58a42ce39,0.0,1.1616,True,False,
57ae68e48f8c4a05985f35a415f1cb84,0.0,1.0033,False,False,
57d3bfec47da45c7b3898f32332bc647,0.0,0.9461,False,False,
580878ae7d3b4a9b860bded4c109178a,3.0,5.0049,True,True,density_neutron_impossible
580a1915d0cd40358caf8aff73a84ca8,0.0,0.7129,False,False,
5813ee6e470647cfaac17f00da75588a,0.0,1.0761,True,False,
584468aba38248759f0c1c655eba22ef,0.0,0.8656,False,False,
597035d82cfe41faaebd924b13790157,0.0,0.9849,False,False,
59b2f1d6ba034624a79f192c6be277a0,0.0,1.5811,True,False,
5a058a96ecea40979ba33cb5b6c1d4e1,0.0,0.9211,False,False,
5a1f27572e304c3580f9a587c080e8f7,0.5,1.3921,True,False,fragile_resistivity_pay
5a5bc1b1ec7a41f495f1872c851d19c0,4.5,7.3336,True,True,dead_primary_curve|raw_oob_violations
5ab9bd5da7a3447a836707fd8a167bea,0.0,1.366,True,False,
5aeab6677fec456396735cafe67cf3d4,0.0,0.9026,False,False,
5ba3e39a59ee49929bd438421204be20,0.0,0.6932,False,False,
5ba66480b6fe4da2920b6226c07a8b3b,0.0,1.3968,True,False,
5bbe373bfd6c45419636f78b11132a4d,0.0,1.1834,True,False,
5bc090d0b99144f388696d96f3ce4f90,3.0,5.3778,True,True,raw_oob_violations
5c1b1ab940dd4d678a3e8172c959d169,0.0,1.1523,True,False,
5c6831af3d334e87b4464fbac45ab7fe,0.0,0.6952,False,False,
5ce87b43506346b6a94e20ba64e2ed93,0.0,1.1044,True,False,
5cf62d76879f4c5d8dab9ecf3507fc84,4.5,5.5476,True,True,neg_porosity_pervasive|dead_primary_curve
5d3fc580b44b4ae5a5d7801c5d8888ca,0.0,1.4292,True,False,
5de167660cc24edca73994c434f21321,3.0,3.9366,True,True,density_neutron_impossible
5e57ba7cb843402a95f31e7f559d6a8c,0.0,1.0542,True,False,
5f496ea5da694214950e2091a6cf00c9,3.0,4.9876,True,True,density_neutron_impossible
5fcc58da7f5844268fc6e014c94c9b65,0.0,1.0168,False,False,
6001c06ed5a640b79929ace7290a1175,0.0,1.0258,False,False,
6041687b8ec940608547bcdcccbf005d,0.0,0.9695,False,False,
60c98f31baec4aad9e1222a464b317d1,0.0,1.0457,True,False,
611d0b610d91482db907dfd8a97999c1,0.0,0.9437,False,False,
6148f8bdf2094c6abd3a70397cb07231,0.0,1.632,True,False,
61e37414cff24f0ba822aa2fcc3969b6,0.5,1.6031,True,False,fragile_resistivity_pay
61fd8e88a5c14df1b220c525fc7c492c,0.0,1.2457,True,False,
62015f20333a43e591af13e66f9d02ce,3.0,5.3959,True,True,raw_oob_violations
6253f321f65c41b1af1c3247f259bd4f,0.0,1.4803,True,False,
62e32941223743bbab32b0994bfe3ddd,0.0,1.1422,True,False,
6387711641ea47c2a643f5d0b187c8b4,0.0,1.0298,False,False,
63a86acc883340639a64b1c40e76f9a2,0.0,1.3299,True,False,
63aa4108bb7f4854ae176f6c049aa4ac,0.0,0.8513,False,False,
6402dc49685a4a4a91cd22d3f7a2b371,0.0,0.8238,False,False,
644bd403a9654940a3ffee327be532fb,0.0,0.9765,False,False,
646402015f8b4a788c74ae3a0c731d96,0.0,1.5199,True,False,
649ed8edc00441f592c5c2cd925be7a2,0.0,1.0759,True,False,
64e4f8ccf1c8453588866376dfc935b5,0.0,0.9324,False,False,
657d1a739faa4004a66285db8c8e49ec,0.0,1.2678,True,False,
659d56e6ad2b4a16a3e0178843c1feb5,0.0,0.9891,False,False,
65fd04818b674ff3b9582c342a295ae3,0.0,1.0177,False,False,
664dc7b84b3340b38ea0848eaaa45121,0.0,1.1814,True,False,
66994dcf53a44af5bf2d9900afde905a,0.0,0.6986,False,False,
66a8190e6d374fd882a13e54bf5aae98,0.0,1.1131,True,False,
66d670bb1c52489b8e300060ca40bfc6,0.0,0.6838,False,False,
66ed2ca2f9e5451395d67f12ca00564c,4.5,7.1425,True,True,dead_primary_curve|raw_oob_violations
6724b5d5cac440418e54a451c33ff1c3,0.0,1.0615,True,False,
67727a7b84d8479da3ce84c19b9e0341,3.0,4.466,True,True,raw_oob_violations
677c30fcaac54bfc840aedb0e209f3a1,0.5,1.2709,True,False,fragile_resistivity_pay
67f3a97e674d4c2a80c0b2b27e20fbe2,3.0,5.8279,True,True,raw_oob_violations
68e810375d1449fba91f9c65933a9709,0.0,1.042,True,False,
690c9f8cc0d7411e87cc78d3f46643f1,0.0,1.0153,False,False,
694e0d0be3de4ec5bdd9f30732acc196,0.0,0.9157,False,False,
69b5a2341d5f4b2095cdec434860e8ce,0.0,1.8317,True,False,
69caf4245971407c9aa6f3ce57961629,3.0,5.2973,True,True,raw_oob_violations
69f6c904ae8c4b83a4cec49f3f806bac,0.0,1.5662,True,False,
6b248910e02a411c8f460ce76957f035,0.0,0.9472,False,False,
6b2ba1842a224d9eb5718401525ae7f7,0.0,0.9724,False,False,
6b6247d738db40859f689615c36e1517,0.0,1.7486,True,False,
6d8ddf0099f0436a8bc068ece3a68517,0.0,1.1867,True,False,
6d9eba32ed7d48efaf0f7d649c17ec8a,0.0,1.0379,False,False,
6de968567d204c36880503c0276e5935,0.0,0.9275,False,False,
6e0d172eddcb40edae1cdafa223f5e02,0.0,1.2676,True,False,
6e96490441444631a1c8ec7c6c41a71f,0.0,0.9962,False,False,
6eff62d89280468489074cfa7ebe76ff,0.0,1.0513,True,False,
6f27aa98a82c4bb58b1125c2d4da24e5,3.0,5.3884,True,True,raw_oob_violations
6f2b992307834b9aa68ccc90a5abff0e,3.0,5.8403,True,True,raw_oob_violations
6fbdd8ffe8f444d7b7338764d20a5c98,3.0,5.375,True,True,raw_oob_violations
7025805b33374f0681afe8cbd53ccd41,0.0,1.0398,True,False,
70507a3c6850452bb65eff7a893cbde5,0.0,0.9068,False,False,
70ba73f530784082a18b30f072acf765,0.0,1.027,False,False,
70e179d08bd04b34ab197839ada14bc5,3.0,5.4767,True,True,raw_oob_violations
711c6956c7684f66858370aa3f1f7920,0.0,0.9154,False,False,
711f3ee479f949f8afa0affeecda884d,0.0,0.9378,False,False,
714d794f9fba4e75b37d674b36806b5c,0.0,1.0246,False,False,
7159d21d35a644d78ea96ac19f49b47c,0.0,0.9429,False,False,
71b9c71536c2440c82d6eca5a035bc73,0.0,1.3831,True,False,
71c8e8b3c5764cad8dabd74399406254,4.5,7.6753,True,True,dead_primary_curve|raw_oob_violations
72134cf142ce4570b6c9dd07093ddaa1,0.0,0.8922,False,False,
7405be281326458086ae2b06b4138d45,0.0,0.9148,False,False,
744e31a4d43a419ca3e777ebb4bbb3eb,0.0,0.9932,False,False,
7469d6dc462a4929b9881fd429ca163e,0.0,1.0413,True,False,
7485491f4add4249b731b80c4321f849,0.0,1.0177,False,False,
74afb3fc3c1e4d5ba9c68eeaf4256f22,0.0,1.0053,False,False,
74db524c584d40e4abfe9a9e4126f33b,0.0,0.8356,False,False,
751ea7d213bf4e21b7d7757d65440cb0,0.5,1.5507,True,False,fragile_resistivity_pay
75365fe5896143f29a864c5b1011261f,0.0,1.321,True,False,
759c85b114444c8aa404264f50bb5e80,0.5,1.4327,True,False,fragile_resistivity_pay
767ebdeae1304eb88948607046e7c3e4,0.0,1.0476,True,False,
7793cf107fb24b25a6e0d412b742505a,0.0,1.032,False,False,
77a4d3c6db2b44d99d7a40a73901ead1,0.0,1.2617,True,False,
7801cbc7f02d46b29a2481ab87c61a14,3.0,4.9931,True,True,density_neutron_impossible
793ca42a450e411da150ae1a9f1b0d3c,0.0,1.0305,False,False,
795d056ed75a4638afc7205f2d1ae0a2,0.0,0.9417,False,False,
79653a8c36454549bc6ffae009d86773,3.0,5.5772,True,True,raw_oob_violations
799a71d81ba640b2ab0c853186755792,0.0,0.9328,False,False,
79e991ba37f74e228cde0aac59ddcc90,0.0,0.5463,False,False,
7a7e4b78a0c84c2bb8aa18d9dc347735,0.0,1.481,True,False,
7adabf03f8534bf68765d69b635e2f0f,0.0,1.1391,True,False,
7b40dad206a945ae939590ab2ecbdb12,3.0,5.6887,True,True,raw_oob_violations
7b53af6b43f2472ca050cf8e87461c8b,0.0,1.1187,True,False,
7b964aa8d0bf49faa2bc24edfcfb630e,0.0,0.9323,False,False,
7bb144bc545b49b489f1901ff410f9a2,0.0,0.7271,False,False,
7bbec0f9363a40f0afe6a68f09d42dce,0.0,0.8008,False,False,
7bcefca6719c40cfb2ae619725b7b304,0.0,1.0595,True,False,
7be10a7ff6e24e4f9803fa0742c91c68,0.0,0.995,False,False,
7c2c508766b946bda6131cb5ad981c23,0.0,1.1411,True,False,
7cf6f7f9bcf0462bb31cafb795406bda,0.0,0.9235,False,False,
7d2cd7cab9d841ce9433e010585f33d2,3.0,4.8097,True,True,raw_oob_violations
7d3cbd680e4c498c947ade2eb9ee0359,0.0,1.2809,True,False,
7da5e100b6124ad8a0262ce79cbb0d5a,3.0,5.093,True,True,impossible_porosity_pervasive
7dcae6b79ac84176a82f4725f02079fa,0.0,1.338,True,False,
7eacc63c466c42238199c258289f7023,0.0,0.9295,False,False,
7eae21206de6493386aa9ee9c4a09b68,4.5,6.7179,True,True,neg_porosity_pervasive|rt_porosity_contradiction
7f5968bc6a374a42af17251cc7fcdbff,0.0,0.862,False,False,
7f7fd5accd1146558e521ff393ee34c2,0.0,0.8739,False,False,
805e216becfb4c13a0fca5085bf57f3d,0.0,1.0544,True,False,
808d741861b242c39d1acf866eb9dc9f,0.0,1.0329,False,False,
8123dd70a6314b6aae42f6de34902eb0,0.0,0.5628,False,False,
818bf7b67ef541cfa3e625cbe4cdffb0,0.0,1.1713,True,False,
81b5dc9199ca434cb8add24404ca6edf,3.0,5.434,True,True,raw_oob_violations
823e4689ce9b41ec9376ca9c1c0a4d0e,0.0,1.0749,True,False,
828473f9a393442c935c7177f065b632,0.0,2.0807,True,False,
8290ba756cc54703b8a687cd7d945b18,6.0,8.2767,True,True,neg_porosity_pervasive|density_neutron_impossible
82b88d129a9c4bab815831863cf87211,0.0,1.199,True,False,
82b9baf59f84471ea4f39aa71cb67d49,0.5,1.8586,True,False,fragile_resistivity_pay
82dc3f19692645bf97d0d3e8c640af14,3.5,6.4864,True,True,fragile_resistivity_pay|raw_oob_violations
83bc5727d821493da09e8887373a8e86,0.0,1.0563,True,False,
83f204704cd041279f697d51b9ded9a0,0.0,1.075,True,False,
83fd2e7dc9dc4a2b8600d4628595cd60,0.0,0.7626,False,False,
84a1d803f460421d861d7abf1acd5130,0.0,0.9532,False,False,
84ca01c4e95b4b19b752915c6d486abe,0.0,1.1805,True,False,
8527651d6336490e989e84514eada34b,3.0,5.2276,True,True,raw_oob_violations
8560f50b32dc45c6889aac5ad43dbc25,3.0,5.6893,True,True,neg_porosity_pervasive
858af715a32a4ecfa0af5178c6670c5f,0.0,0.9723,False,False,
85f7686a35b14fffa6af690a94f7d603,0.0,1.8277,True,False,
86180afe35394d7dbd09b696ca93ed95,0.0,0.8116,False,False,
876318afee794392b4c68e75315c610e,0.0,1.125,True,False,
87650c3c40f844a3b4c6a83488b1634a,0.0,0.6961,False,False,
877c8e4acda041fab891b3b63bf0b315,0.0,1.1505,True,False,
87fecbec98c04858a264566508d8288e,0.5,1.5027,True,False,fragile_resistivity_pay
881938024e424ca5bad68e59aaa1bc1f,0.0,0.818,False,False,
8854657aaa564d119d83a43683a62b9a,0.0,1.1297,True,False,
88c74b463cec4dfb905ae3fa1278dd29,3.5,5.6753,True,True,fragile_resistivity_pay|raw_oob_violations
89256da6f65347c896240bc5df6e3f91,0.0,1.0917,True,False,
89450217f0bf4a2283fffef463075366,0.0,1.3146,True,False,
89494fdbeb9141f0b68657063292ca51,3.0,6.5904,True,True,raw_oob_violations
8952f80d33dd4ae89b5e5401f0e4e358,0.0,1.0765,True,False,
89a88982f6b0403498073e64ae5a6498,0.0,1.3959,True,False,
8a684971d7494407bb79a3964bfac88a,0.0,2.1091,True,False,
8a714176c3e44b0ea8bf6ba928a38185,0.0,1.0981,True,False,
8a72ee592ca74c9b8ee59e06e954f8f0,0.0,0.8139,False,False,
8a797252026646ae834dea41b42366c3,0.0,0.7719,False,False,
8c190a4a479e4bc2b7119488ba11d79b,0.0,1.4172,True,False,
8c4ebbc892ee48ab888c12e097828554,0.5,1.538,True,False,fragile_resistivity_pay
8c9c30fd606e4af5a20ccc7c4d31c0e8,3.0,4.0967,True,True,density_neutron_impossible
8d00d28949324c9a86e20db0f55006f3,0.0,1.0195,False,False,
8d12c9a7a436418e8dd3670223c5bc8b,3.0,3.9817,True,True,density_neutron_impossible
8d40a640d18c40b9bd47cd0980e6c7e4,0.0,1.0277,False,False,
8d4944290cfe4370a7ae913decbf6bb4,0.0,1.0301,False,False,
8d57188741134144a200721a1edd8f78,3.0,5.8242,True,True,neg_porosity_pervasive
8dc2832dbb3b44c2927fa6c7dab732f3,0.0,1.4946,True,False,
8e2d55fd74694adf959871faa86fcc00,0.0,1.2487,True,False,
8e68dae41fac463aaa794c8ae83b37c2,0.0,1.0657,True,False,
8e9cef66b8bc411b97488227a7877bf0,0.0,1.12,True,False,
8eda5182c4e549778297f6d35aa7845f,0.0,1.3663,True,False,
8f9f3038baee46cbaf8320876f96cfc1,3.0,5.7301,True,True,raw_oob_violations
900d6df759c44f4aa5c141879346a0fe,0.0,1.4564,True,False,
903f9bb045c340199157c6771277b7d8,0.0,1.1047,True,False,
905fd485c2c24868ab120044ff5b9f34,3.0,4.4699,True,True,neg_porosity_pervasive
90766d71506a4d05943bc9088e1778c4,0.0,2.215,True,False,
908108bbe27944caa52725be57dedd41,0.0,2.446,True,False,
909ff1c56be54456a93755cf30ca5daa,0.0,0.9414,False,False,
90e2c31854a54b40b092144a15b3d7ff,0.0,0.9999,False,False,
91564ccaab1345f19bb5c2d4ce845ec5,0.0,1.0526,True,False,
91600b5bfe814aaa9ff7736db94d3878,0.0,0.9187,False,False,
91962be3095845ed97e0199b3f0c2446,5.0,7.881,True,True,dead_primary_curve|fragile_resistivity_pay|raw_oob_violations
92683076debb4cb7a880bce3115aa783,0.0,1.3157,True,False,
929a8b56055242d1a478e9686eeb500d,0.0,1.436,True,False,
92f6f4312ffe44b99dbe7c9611443bc4,0.0,1.1567,True,False,
93258a8220514a6e84efbce07f5b20a6,0.0,1.214,True,False,
9336a5b2827143368634523d62391d96,0.0,1.4202,True,False,
937471db8af84267b3cafafa49ff5cb7,0.0,0.9662,False,False,
9374f1aabd0d4c5ab65bfcfe0f85e1ab,0.0,1.1126,True,False,
93c0eaca1dc04ac4b8551a9095827645,0.0,0.9197,False,False,
9442ef2e2bd74da8aa05939aacee6d13,3.0,4.9101,True,True,raw_oob_violations
946558f722d24a6f879fb967cef5054f,0.0,1.0459,True,False,
94aa46c74aa14b54b8e52d170f848b45,0.0,1.5288,True,False,
94afdb4ea7d143b68059b30d3bfaab1a,3.0,5.0675,True,True,neg_porosity_pervasive
94e1fca20c4741099162ce7e867eb8df,0.0,0.8798,False,False,
95ebc9a5921a41e79cfd5fae3e5e2789,0.0,1.0847,True,False,
96119ba902094fcfa17d764ad1176dbf,0.0,0.9719,False,False,
9619ae3f5756441880486688f02c447b,0.0,0.7707,False,False,
96cfb7375392410c91bc8677eaaa3bfc,0.0,1.2845,True,False,
9710ad84d3344403ad1d5bcf0dd97b86,0.0,0.9238,False,False,
9712423502314bff87aabfc423210e70,0.0,0.7782,False,False,
971c3664e4af4d0191c677355d6ea76e,0.0,0.8133,False,False,
973d1b7e559b482fb906dd9bf550cd33,0.0,1.2199,True,False,
97c36c0b1d1945bfba8e053809101906,0.0,0.7141,False,False,
98a954e064214add831ba4749a3c7296,0.5,1.5249,True,False,fragile_resistivity_pay
98aa171bfabc4404a601d4ccee30547e,0.0,0.9724,False,False,
99d401e61226485d87b7823f7a8bc480,0.0,0.9638,False,False,
9aa9c39a089945c497f1939d80d1692e,3.0,5.2032,True,True,raw_oob_violations
9ad37eadb773417193123801d335006c,0.0,1.5035,True,False,
9b5d3dd783e54e4ea2d429c6fce0916c,0.0,1.2628,True,False,
9b9966503bb3493fa6b1954015600a63,0.0,0.8831,False,False,
9bdb942bb29a49bc892003d60b26b340,3.0,5.6288,True,True,raw_oob_violations
9c12cfcda50a44458d1a0649aad4191f,0.0,1.3818,True,False,
9c6f43f15d244502a35831ede7e58d29,6.0,8.7615,True,True,density_neutron_impossible|raw_oob_violations
9ca4c9a19aed4960be08aaadad293e43,0.0,0.8703,False,False,
9cb99c1d34d443ac97e92d706b4e05ca,0.0,1.0745,True,False,
9cde2712a4b84972b695628912fa93b6,0.0,0.7279,False,False,
9d2b909d12094dcc9d85675c1e3acb52,0.0,0.8647,False,False,
9d3773700e304fa69afbc87b592665c3,0.0,1.9911,True,False,
9d3d8e598c0f4528b7b7324503f4556c,0.0,1.1158,True,False,
9f1930361439466e8a2d227cf700860b,0.0,1.0729,True,False,
9f45e20d5f0a4ace82d5f28617f76080,0.0,0.9013,False,False,
9f67d2a0837848f8879901fcc8555da7,0.0,1.0297,False,False,
9f932f90e3684011ad32261d50ed82d5,0.0,1.1892,True,False,
9fc86c3b4c4741f389afefe1d9c9a2d3,3.0,5.054,True,True,density_neutron_impossible
9fdd132450e64b77984c4e4588e079be,0.0,1.0519,True,False,
a064604070b843c798d37bd88bbff284,0.0,1.0381,False,False,
a0e28777844d46c1abec5380b4b07649,0.0,1.1909,True,False,
a16bd326bbcc459ca1e8210d28e5c01e,0.0,1.8912,True,False,
a26eef2210ca43638ab7b0067de040c3,0.0,1.0039,False,False,
a28e37794f574e2f8152800af0040424,0.0,1.0873,True,False,
a2cbf46395b34ed49b852d0ea172a262,0.0,0.8012,False,False,
a320d645e2054123a82b3669793b63f3,3.0,4.9189,True,True,density_neutron_impossible
a3cf6645ae064d76a242f86d9972d175,0.0,1.5537,True,False,
a3d28d0e14cd4f58a4d251fb3389dc2f,0.0,1.592,True,False,
a41cf0f4f5dd48388f33b4f6e09be702,3.0,4.6938,True,True,raw_oob_violations
a438378451494396a456f149f081cc12,3.0,4.9089,True,True,neg_porosity_pervasive
a4559501a8004d28a9f63b94c481c990,0.0,1.0148,False,False,
a45fca73b84248e4a4ae442da34efaa8,0.0,1.006,False,False,
a4b9b6c969ed4f808c217a1e1b8f5f6f,0.0,1.1449,True,False,
a55bcc06b1ff4b43bc827b8e903e1a57,0.0,1.0908,True,False,
a5eab397f611490cab081f34c38d61d4,0.0,0.9624,False,False,
a5f85a78e3fc48788ff95b8b28eb334a,0.0,1.1474,True,False,
a60b518a635b44c28022438b2a5eb3d8,0.0,1.0355,False,False,
a631381fee83432ab7658c474b0558ce,3.0,5.3999,True,True,raw_oob_violations
a689119fdd3d46a3a7b12c093c79f31e,0.0,1.0598,True,False,
a68c04908e70454fbf93c673414a6fe8,0.0,0.7381,False,False,
a6d3c219b70447e5875f38bbacc53248,3.0,4.9483,True,True,density_neutron_impossible
a78e207726ac48a996954a994430f518,0.0,0.7991,False,False,
a7e4b87fd1df4999840057ca8631453f,0.0,1.1829,True,False,
a8bda776bcf244778b54fba355385518,0.0,1.066,True,False,
a93a88d2e33c4ec6ad1ab4e2ae797dce,0.0,1.5467,True,False,
a9fe7a3ca047416aa1b4a2e9d57f57bd,0.0,0.8127,False,False,
aa3060f71db741ac99eb5d9e81895130,0.0,0.7501,False,False,
aa3727c0c7ca4a29bb31a55b49419be6,0.0,0.9802,False,False,
aa4c813d35a24336bf10bcb7252ccd6e,0.0,1.1039,True,False,
ab151fef037744ea9939c0d6b26d42c4,0.0,1.6914,True,False,
ab6d2876e70c4dca98d2c304ec6186d6,0.0,0.9862,False,False,
ab6eb6b2dd9a4fc792d5839ae0445036,3.0,4.0699,True,True,density_neutron_impossible
ab7e57dd6ebf4f6c855cda050494db0a,0.0,1.0252,False,False,
ac3e3f35d2454febae8be2f6b169d92b,0.0,1.0804,True,False,
ac4d195ed6ea4b1082e00b9852b80bf1,0.5,1.5921,True,False,fragile_resistivity_pay
ac734ca8f69b4b4bad5995659dd0b27a,0.0,1.1708,True,False,
acdae78dc83b439baeda9e712a80bfec,0.0,1.1414,True,False,
aceea6314f3c4573a6bc98dd34e1dba0,4.5,6.9405,True,True,dead_primary_curve|raw_oob_violations
ad85fcc34f3d4eb398ff5b2ac65455f1,0.0,0.602,False,False,
ae55584502e041d1b8e16b7392e70b56,0.0,1.2865,True,False,
ae65b0fbc7614443b364781649807d67,0.0,1.456,True,False,
aeb56d260340458ea2e0b3bf2a116234,0.0,0.7488,False,False,
aec5e600db654893b5d480ff583e2c52,3.0,4.3645,True,True,neg_porosity_pervasive
b0923d44342942248c191a8fc9d6a27e,0.0,0.971,False,False,
b103acab7951405290b8d757be9d4a0f,0.0,0.5963,False,False,
b3900fb75e874b638828b3a9a44078be,0.0,0.9525,False,False,
b3dfc0f711ed41f0a4d4bdba0810952a,3.0,4.6541,True,True,neg_porosity_pervasive
b3ec413567c942f9bbe1b6cfb6027473,0.0,1.1722,True,False,
b42f4bc91f0d49ceaf464500f509d38b,0.0,1.39,True,False,
b5287b7f53eb44fe9f9ad7db306d52b9,0.0,1.0003,False,False,
b5499bcc4ecd434886faa4fed2de2fc3,6.0,7.5677,True,True,neg_porosity_pervasive|density_neutron_impossible
b5814d1687524401980b0726d6f4cac5,0.0,0.9496,False,False,
b599468a046045e9b9c8c2b9f700fa94,3.0,5.9655,True,True,raw_oob_violations
b5e3be2ec4b54373a3d32b80a1fb148b,0.0,0.9931,False,False,
b64d60a22d5d47bc81c5727143f0e0f9,3.0,3.9248,True,True,density_neutron_impossible
b6675b01f1f64cf9a0f4c4d6a2902942,0.0,0.8927,False,False,
b77b9826eee942aebaba6c3cb8031016,0.0,1.0519,True,False,
b7902bbcac7b4145ac6fd3e7707fdaf4,3.0,5.1151,True,True,raw_oob_violations
b847ed7fee84449c8ac2d089a801fea3,0.0,0.8205,False,False,
b91e78bb395d4daa9c2917f2a1c9c8f3,0.0,1.2095,True,False,
b948bc838c114cc790dffa2c89ddacfa,0.5,2.5548,True,False,fragile_resistivity_pay
b9ca03ea3f844f239ae2839f0df6da8e,0.0,0.9756,False,False,
ba5a477dc5f24f1993c3f76fa9212e21,0.0,1.0867,True,False,
ba5a768403d743afa27a80795d3ee64b,0.0,1.1761,True,False,
ba5e32d9fd1c41809bb610a487c83567,0.0,1.7241,True,False,
ba6021fa3df94585ad34afb3d90534f0,0.0,1.0613,True,False,
bad8b77631db4671a49c581b7ee4df82,0.0,1.1025,True,False,
bad978d780e84eb8af1419c468e84d70,0.0,1.5129,True,False,
bafc228eca614ed1a0cbec904ea8a24d,0.0,0.9634,False,False,
bb23d425ae744c6d984bcb99ec315682,0.0,1.3468,True,False,
bb2851ad35714dbeae4db5bd904f1969,0.0,0.8774,False,False,
bb640c3dfc0f4376999ee9d20bff6e36,0.0,1.2815,True,False,
bc1c4a67625149158ca58e06f2d4a66a,0.0,0.9361,False,False,
bc9077d266c548b4b14c9909b3fcba51,3.0,4.4967,True,True,neg_porosity_pervasive
bc9843e32c134802a45343c9110b9796,0.0,0.7623,False,False,
bcb5652be45f497da67ea459f75bbb6b,0.0,1.0511,True,False,
bd3276400e6347d99a1c1119eae23734,0.0,1.095,True,False,
bdab7eddf2dc439093160a1777a54773,0.0,1.0891,True,False,
be7aa9944e8e4c3c9eaf2f0121a963a6,0.0,0.9972,False,False,
be7d21ed46d943a5a993855183b9fa1c,0.5,1.2891,True,False,fragile_resistivity_pay
beb6340dba134430a1447fa2672a7291,0.0,0.9613,False,False,
bf1c19cbf1304e3686753bb8c0a2a91e,3.0,5.5113,True,True,raw_oob_violations
bf3c6fe265dc4afa8cd035889eb4d61b,0.0,1.0875,True,False,
c02404c20668405a9ab8b15770998ce6,0.5,1.3772,True,False,fragile_resistivity_pay
c092458894b14e259234749b5967e42c,0.0,1.206,True,False,
c0e45b8eeaf944c4826ef8cf49c395e2,0.0,1.086,True,False,
c19860ebf4274b2abf54aea18d770c0e,0.0,1.0593,True,False,
c1e436c474d0419f820ce4a3fce2d6e5,0.0,1.4841,True,False,
c255171f3cfc4b1db5ab3356e42c96e4,0.0,1.3713,True,False,
c25a7d8b0a7d44ec8d39106ef96597dc,0.0,1.5262,True,False,
c25fb6f564f34db99b3d19778b015dad,0.0,0.8349,False,False,
c28d56baa82447d7b0c7a6e78c511867,0.0,1.0777,True,False,
c3b8a9c281dc4f2ebcf3916ec085c13c,0.0,1.052,True,False,
c3dc22dbb58340a49d809eccea78e62d,0.0,1.4039,True,False,
c3ede4a161d043549fa0000381074e05,0.0,0.7369,False,False,
c3f165afa995483983440d61381a419c,0.0,0.8691,False,False,
c4cb3d4c14ca4603a28e1d1d8b59b6d7,3.0,5.1694,True,True,raw_oob_violations
c4d40331190249ef9c7302e3205cf08f,0.0,1.0382,False,False,
c5cf0da7c29746138727e92524c9d4b0,0.0,1.177,True,False,
c5d33ed1b0b542f780bc711af2b02798,0.0,0.8488,False,False,
c5e85d0e00084e9d9dbf07885d655a2e,0.0,1.3346,True,False,
c5ebde0006154ccdaea6ddf5b2bbfc8c,0.0,7.147,True,False,
c66bb842523249c688670be88df81c8d,0.0,1.0164,False,False,
c6b504ee43354b2e92a3756ea1164de0,0.0,1.6889,True,False,
c6f461ac297441d0952fe980b23ea60c,0.0,1.0011,False,False,
c7632c561b644b5ca2f3855c6cdf7cde,0.0,1.1531,True,False,
c7a9efc1d26d42a1afd9895c2ab855a2,0.0,1.8398,True,False,
c7d285dff2f3480ca91a42317323054e,3.0,5.3918,True,True,raw_oob_violations
c81ee4a58ba34758a23bfe984cbbadaa,0.0,0.802,False,False,
c8814c53241f4a84b9194a462011bc51,0.0,0.9587,False,False,
c8be3ea1476c4f069a34ec1a0daaa9db,0.0,0.7651,False,False,
c96dd6f7cffc4e4bbda618df013ee2c1,0.5,1.521,True,False,fragile_resistivity_pay
c978e883ef8f4c93b86f3f227ab7b926,3.0,3.9951,True,True,density_neutron_impossible
c99033dbe7bb4dad8951879a1ff57d7d,0.0,1.1939,True,False,
c9a04491523f4fc98849cec3f648bdc1,0.5,1.4802,True,False,fragile_resistivity_pay
c9d166f7174640a7868a7d288ef14904,0.0,1.0038,False,False,
c9f9cff411914d52b693d8baf118c3a0,0.0,1.0855,True,False,
ca4637d32cec4e21a8d475aa720bf1df,3.0,5.1724,True,True,raw_oob_violations
ca4689b32c4140ec8d9bc8818889150d,4.5,6.8592,True,True,dead_primary_curve|raw_oob_violations
ca4ab208f4a84389a1387b742d1c4b44,0.0,1.2656,True,False,
ca81cc46eee04cefbe8d10f3356f8e59,0.0,0.9074,False,False,
cc0a41e52dde476390e516a3a96ef843,0.0,0.9644,False,False,
cc32ecc2d11d4bdf8318973b884cff14,0.0,0.9611,False,False,
cc93dccb66794ef1923c6ceff7ccb7d7,0.0,0.868,False,False,
cd179675ae654f719c315e31d0200df4,3.0,5.804,True,True,raw_oob_violations
cd8100a5c3b64c6c9b8a2696043d0001,0.0,1.4488,True,False,
cd85572c443e4383898c428f53f20b41,0.0,1.3645,True,False,
cd8be522fa304b35a36f51a27e8c68be,0.0,1.8224,True,False,
cded5e12318a4748b35946747bdbd5d2,0.0,1.1803,True,False,
ce5da5a4e69a4047ac182de95c1bc6e5,0.0,1.2593,True,False,
cef729da6e2d45849ac7832a5ca90a1e,0.0,1.1575,True,False,
cf034af9d4914365b9a56d2a2288eedd,0.0,1.0754,True,False,
cf27141d53de458d8f273e50c13e25c5,0.0,0.9307,False,False,
cf7261e14ce44c4ab66a9a7667fafaf9,0.0,1.0666,True,False,
d15dd0da7eb8430aa186a0a41fa36a5c,0.0,1.1637,True,False,
d258d34b89454702a1a340a5e356a19f,0.0,1.0211,False,False,
d2c0259526b34681931d9141dd509302,0.0,1.0487,True,False,
d2d409e1b4454c59847a7c29e001eba7,3.0,4.431,True,True,density_neutron_impossible
d3859c9ac5a547708bb04ba029387c62,3.0,4.0283,True,True,density_neutron_impossible
d3869d66b5ac437a8f7d0c94e94b826b,3.0,5.6973,True,True,raw_oob_violations
d392e94908ac43249c1af8b2046d90ca,0.0,1.271,True,False,
d3a0f82db1f64f63adab91501dfd80ba,0.0,1.2497,True,False,
d40f9485e4854480a9028425547fc569,3.0,5.2732,True,True,raw_oob_violations
d429e0987e524e79947eff2a88bd9abc,0.0,0.9805,False,False,
d4513e8e3a58465eb356902f90001af8,0.0,1.0115,False,False,
d4dd572ac86847f1af539477d5e5e75d,3.0,5.2325,True,True,density_neutron_impossible
d502e4a05955466ab6b73765c8d5948f,0.0,0.885,False,False,
d51dce42be4c424280cb1185500926cd,0.0,1.1033,True,False,
d5351619376e44789ab6afed2138b49d,0.0,0.9321,False,False,
d5eea28cfe974dba84658931a3f32348,0.0,1.1463,True,False,
d61843f86fb74ec285afbf79c3712fef,0.0,1.8766,True,False,
d62c818a3cd6489a9ae40a8a5d6f9612,0.0,1.4272,True,False,
d7358654c48a499990f3e16b17a15a20,0.0,1.2564,True,False,
d75bd7093c354cb2aca568b446167f68,0.5,1.4956,True,False,fragile_resistivity_pay
d75e4d341b1b45848cf8b43da9175cc1,0.0,0.9092,False,False,
d7a351d4fb6845e5bbd2442560c22e77,0.0,1.3031,True,False,
d80f359ef2f94b1cab958713f14b2e3e,0.0,1.0283,False,False,
d84b2b8a7fc84d51ad4b61bd33ea2ce9,3.0,4.7477,True,True,raw_oob_violations
d867aaaf67a44a3c90950932f5852c16,0.0,1.0422,True,False,
d8b53930357b40de9416dc5f27ffdbf9,4.5,6.4695,True,True,dead_primary_curve|raw_oob_violations
d8c06de7e4c3430cb3916f9b39d591dc,6.0,8.3273,True,True,neg_porosity_pervasive|density_neutron_impossible
d9220e31256f4cdaa1093e542649e1ac,0.0,1.0273,False,False,
d935db9bde5e430faf09dee388a5c0f8,0.0,0.69,False,False,
d950bd5b60b74d18b48a39eb38fd3bfc,0.0,1.0688,True,False,
d9a8c1c5b26e44598164582d63be77ae,0.0,1.0411,True,False,
d9af0a2a425d4521b6017fb2f437a77d,3.0,5.6545,True,True,raw_oob_violations
d9d42051df30442092e97169e6b88a33,0.0,0.9607,False,False,
da397955a3b4458b8548f1a13462241a,0.0,1.0631,True,False,
dad532c012a24bbe9ec6c1fbc52be0c8,0.0,1.0389,True,False,
dba51c8b787542debeb171ae8f402031,0.0,0.844,False,False,
dbb3c3e2a8fa49c9b9281cbffed6e117,3.0,5.9972,True,True,raw_oob_violations
dbc3928d388640f1bb0be566935ca726,0.0,1.1295,True,False,
dc008fdf812840f0843ae1158a9bad74,0.0,0.9939,False,False,
dc6186f7feec4a4999468cfffc5c138a,0.0,0.9916,False,False,
dc8efa1e66d942cbb766fe31a202928f,3.0,3.9825,True,True,density_neutron_impossible
dd6fe4b5523549de8c5b4a897c33ee0c,0.0,0.8393,False,False,
dd7149c9b3e7413c9f4fd737c8b59647,0.0,1.3643,True,False,
dd78f723570e4d92913f2ae42fac440b,6.0,8.7253,True,True,neg_porosity_pervasive|density_neutron_impossible
dd96b61ad76f45f0918e5dee8a00dc3b,3.5,5.8159,True,True,fragile_resistivity_pay|raw_oob_violations
dda638641ecd4f8f8032d4c3eaf7f259,0.0,0.7402,False,False,
dda8ab952bdd4f7dad355d2bbe91d577,0.0,1.0078,False,False,
de8ae31686cb48298598f23477513356,0.0,0.8854,False,False,
deab90838f3e4e658c8d445ed3da06e5,0.0,1.128,True,False,
df9cde6697e0487490e190b75446ff39,0.0,1.2833,True,False,
dfa0b9d8f41d48e7b031550f802867cd,3.0,4.9607,True,True,neg_porosity_pervasive
e006e096b0064fac817060d1153d0a3a,0.0,1.0468,True,False,
e05ad52621c148fd9f137d77c5ba15cd,0.0,1.0933,True,False,
e06e1b2f6bcb40f1a19d40f122ca336a,0.0,0.9997,False,False,
e0828c75dd32475c995f338ed69a62f7,0.5,1.5332,True,False,fragile_resistivity_pay
e0d161f28e4f43cc941fe7e582f462d3,0.0,0.9211,False,False,
e0eebb8388eb458fa26de7b58b79b281,0.0,0.8859,False,False,
e12d898f973b46ddac9561f650a4a2fd,3.0,6.1739,True,True,raw_oob_violations
e142872a7a7445a28b3a5750f5eb945f,3.0,4.9301,True,True,neg_porosity_pervasive
e17e396b443b487bbaf9f2f52d5041e2,0.0,1.0208,False,False,
e182e0e5f2c94cb8bff34af8c35c99b1,0.5,1.335,True,False,fragile_resistivity_pay
e213148df85d410a8ccd2a42d06a4108,0.0,1.0643,True,False,
e2af8e4675984cb6870959229f610625,0.0,1.0158,False,False,
e343a5cdaf1441368916f90e573f7ab6,0.0,1.0178,False,False,
e35e88b0d8d44788a9f26057e89a377c,0.5,1.4193,True,False,fragile_resistivity_pay
e3fad88129ac4089b929a4883e260cc4,0.5,1.6707,True,False,fragile_resistivity_pay
e4057cee9d514914a33dd39fa1c54532,0.0,0.7447,False,False,
e405b9ff70884e4daf8ac642ef9f128a,0.5,1.6105,True,False,fragile_resistivity_pay
e41a5a2a14ec47b088d53933d9597c26,0.0,1.0567,True,False,
e48ea5ccbf4f4464bb30fd2706d1a9be,0.0,1.0752,True,False,
e4f6d57887e647be8a15d685405bef52,0.0,2.9629,True,False,
e502dbca325047b5a4495b8a0a0246ef,0.0,1.0938,True,False,
e5b3fd61e33f42db9dcace8372d1eddc,3.0,4.1779,True,True,density_neutron_impossible
e5b90b7b56c743c9899bba81bd4417d3,0.0,0.7969,False,False,
e60076b801b5448d9d27c6a21cebc3b0,0.0,0.9394,False,False,
e660a77846784c28afc1c60e70d52108,3.0,5.1383,True,True,neg_porosity_pervasive
e69975de8dcb4235b4ab9b98d8a9e28d,0.0,1.1041,True,False,
e760f94fa6cd456e9752205f39326387,0.0,1.1594,True,False,
e7d794d2ef35467388a14e1a52f6aaad,0.0,0.7445,False,False,
e863b973090b4b56927dc51c9aba00c5,0.0,1.2105,True,False,
e8a2b69120d24722b3914f69fe4072aa,0.0,0.9524,False,False,
e8a90ff5e9294000b4fc47b17e1ed153,0.0,0.7538,False,False,
e8c01d1435f1417190ed81dd94115f59,0.0,1.5987,True,False,
e95c8217b0d74e0786c77b6bf0af5043,0.0,1.3644,True,False,
e9d553b99f7b4d9db6379d295a63f899,0.0,0.81,False,False,
ea30b3862f4c496cb5599a0d1567950e,0.0,1.0922,True,False,
ea5fbc8600524681bea118669a649e92,0.0,0.932,False,False,
ea69e242e5df4cf3aac89a162390996a,0.0,1.1279,True,False,
eace6fba055d477585f6e290db1664e0,0.0,0.9044,False,False,
eacff8728ab4402590f56b835faac179,0.0,0.8113,False,False,
ec51c597847442cc991e88d84d293496,0.0,0.914,False,False,
ec54c3af9bac43ba804776c0caf0bfb0,0.0,1.0739,True,False,
ec80e3ad44d845fbb3f57456d9cad21a,0.0,0.7904,False,False,
ec8573e4a97e40588c11e576c41bc4d3,0.0,1.0388,True,False,
ed18e461bc38424fb4c24cdc7c42e61a,6.0,8.2332,True,True,neg_porosity_pervasive|density_neutron_impossible
ede3f6be1a204b7faf4ca0c0e084fbcf,0.0,0.9784,False,False,
edeaff348b034686a6c522fb819696c1,0.0,0.8977,False,False,
eea781459df448f8804e9bcd69827de6,0.0,1.0722,True,False,
eebc1b1a86fb4b51a7e78c1c5d6742f8,0.0,1.0519,True,False,
eec4c158698441b584af4b0cea5ad5dd,0.0,1.4286,True,False,
ef8d11b9e5da47ba8e6ca27646c6e0d9,0.0,0.8863,False,False,
ef9f6526c6144ec7bd8be8c7d0a35cc2,0.0,1.432,True,False,
f05ec7f6bf1f4f54aae9ac6f9e78a0bb,0.0,1.4256,True,False,
f127184d853745e1a2985ac721f39bf7,0.0,1.0188,False,False,
f1383d6126d846108174d465629f3bae,3.0,4.7732,True,True,density_neutron_impossible
f194b71229914327819e57e4c33d517b,0.0,1.0485,True,False,
f1b461fdcfdc47ef9680eeb5076fe8ec,3.0,5.1592,True,True,raw_oob_violations
f1ffe3ba914c4f929649c97a7295db03,0.0,0.6633,False,False,
f20234c49aac4e20a0fbd81cfc38cfbf,0.0,1.0997,True,False,
f256c803606f40e395990d156679e382,0.0,1.5169,True,False,
f2f3021cb93c44c0813870d2a5114a0d,0.0,1.5853,True,False,
f32b7279e26e4f5982d60f8506149c0c,0.0,0.9858,False,False,
f36a7dde45b94a95afa4cd56d8dc577c,0.0,1.0025,False,False,
f37a34b39f494cbd9ba0ae69aa7058a2,4.5,5.1667,True,True,dead_primary_curve|raw_oob_violations
f3a2f6cf7f084e01bd4a204b0b400d80,0.0,0.867,False,False,
f3cd8feda4a4411ba90906c785d4f1cc,0.0,1.1437,True,False,
f435c6e9674a4570b7e5d8c1fa78722e,0.5,1.5253,True,False,fragile_resistivity_pay
f53dd8dfd99c44cbb1eaf243559453cc,0.0,1.0181,False,False,
f5e466c497054219b6e299f51428c11a,0.5,1.4443,True,False,fragile_resistivity_pay
f5fca5903ea340e0a0391eec1a973cb0,0.0,1.4364,True,False,
f75cf13b946a45acaad94dcfab8b5391,4.5,6.734,True,True,dead_primary_curve|raw_oob_violations
f7fb5b56cc8440ad8ee6219c16ca8f05,6.0,8.7421,True,True,neg_porosity_pervasive|density_neutron_impossible
f84d9db27f194df99c2e97c3d25c69ed,3.0,4.5626,True,True,density_neutron_impossible
f8699e9056c74c8ebaa25f2b6e90352c,3.0,5.406,True,True,raw_oob_violations
f86ac8ade9f846719126edc7fc985906,0.5,1.7471,True,False,fragile_resistivity_pay
f8fe9cf54d1c40709d61e349e6607f40,0.0,0.8963,False,False,
f913064f20fd460daafac032a706a8ba,0.0,0.711,False,False,
f94b71b7984044bf82da51c9ce178fae,0.0,1.0284,False,False,
f964f79095a542339bb762cd1a1373dd,0.0,1.4963,True,False,
f9ce89c1fbce426e81190258a3bfb738,4.5,6.9245,True,True,dead_primary_curve|raw_oob_violations
f9dd3f539b77447a969bd97bfcbebbf9,0.0,1.2198,True,False,
fa270f3706434d7198f5678f5223b285,0.0,1.0523,True,False,
faa00ea500e64beeac2beeeea27345fc,3.0,4.8262,True,True,density_neutron_impossible
fab05afeb73d4fa7977400182439fe1f,0.0,1.01,False,False,
fab377d2387944af88386bb823273465,0.0,1.004,False,False,
fae90e7d9dcf47579777ec1b58ea857a,0.0,0.8165,False,False,
fb26e8296d1e4d88a05da1cf02485091,0.0,0.8722,False,False,
fb2e7e9aaa3146dc81463fed92e31468,0.0,1.1567,True,False,
fb7014aebc6f4e3481ea52c93935a9bc,0.0,0.7836,False,False,
fb96b4c7c87740748b477ab588e43d46,0.0,1.0489,True,False,
fb9738649e7d4b72a91c9e4db8439b59,0.0,1.1817,True,False,
fc358642dcd9478583c9b898ca45f044,3.0,5.164,True,True,raw_oob_violations
fc59fa62ac5846529e3d168a7ec74d5a,0.5,1.5295,True,False,fragile_resistivity_pay
fc76524ff0b040eb820ea3218d71ff82,0.0,1.0417,True,False,
fc813aad00ef4cb2a4a0f2a75bb6bf34,0.0,1.2221,True,False,
fc9cabfd1b0147759ce16f0e4e5cb58e,0.0,1.1136,True,False,
fe075ff50d1d47ab90a27d479ac96207,0.0,1.0813,True,False,
fe0ae12eb2b149f685b525a5a3dede92,0.0,1.9279,True,False,
fe4e55da1e4a41f788b57933d491e17b,0.0,0.9624,False,False,
ff31bd86858e49bda5b22b96e177eda6,0.0,0.6764,False,False,
ff474e749142418b90c167f465c241b2,3.0,5.8684,True,True,raw_oob_violations
ff55dc44e45840318863347ef0add1d4,0.0,0.8126,False,False,
ff71b61cbaf545f6af520c67cf2b1111,0.0,1.0721,True,False,
ffd87ab0c8ef4567922207f65d094062,3.0,4.5189,True,True,neg_porosity_pervasive
ffddd41006a3471ca0ea43259d977059,0.0,1.0296,False,False,
fff3555571074fefb82ed582e3d9ccd4,6.0,8.8484,True,True,neg_porosity_pervasive|density_neutron_impossible
