well_id,n_rows,families_present,families_missing,dead_curves,washout_fraction,notes
008a81a1e28845dcab7bed7d8febd9b4,273,CAL|DT|GR|NPHI|PE|RHOB|RXO|SP,RT|BIT|TEMP|SALINITY,,0.0,
00dda84c93a842bba5c912dcf3d7f884,235,CAL|DT|GR|NPHI|PE|RHOB|RT|RXO|SP,BIT|TEMP|SALINITY,RXO,0.0,
01155052c34b43b096bfef59b323d70d,397,CAL|DT|GR|NPHI|PE|RHOB|RT|RXO|SP,BIT|TEMP|SALINITY,RXO,0.0,
01cb6035729e431a9153167ad247edfc,875,CAL|DT|GR|NPHI|PE|RHOB|RT|RXO|SP,BIT|TEMP|SALINITY,CAL,0.0,
01dc0279a4b74d0caffebb49f00286ca,731,CAL|DT|GR|NPHI|PE|RHOB|RT|RXO|SP,BIT|TEMP|SALINITY,,0.0,
0254d93c31c84cc286a97e99c70474a4,553,CAL|DT|GR|NPHI|PE|RHOB|RT|RXO|SP,BIT|TEMP|SALINITY,RXO,0.0,
02a3d8c533f94c078f62f801cb88148d,163,CAL|DT|GR|NPHI|PE|RHOB|RT|RXO|SP,BIT|TEMP|SALINITY,RXO,0.0,Non-monotonic / reversed depth detected.
02b466d77c694e06b254edaaedbc5689,375,BIT|CAL|DT|GR|NPHI|PE|RHOB|RT|RXO|SP,TEMP|SALINITY,RXO,0.119,
02bc75fa9e6840c1aeab665063361ce1,842,CAL|DT|GR|NPHI|PE|RHOB|RXO|SP,RT|BIT|TEMP|SALINITY,,0.0,Non-monotonic / reversed depth detected.
030a6ceaabf5430ea30acd671d0d2aa7,398,CAL|DT|GR|NPHI|PE|RHOB|RT|RXO|SP,BIT|TEMP|SALINITY,,0.0,
03f65be0dc074aa18b22c1bf21a0e2df,344,CAL|DT|GR|NPHI|PE|RHOB|RT|RXO|SP,BIT|TEMP|SALINITY,,0.0,
040086c1b6fd4abfb585e3bfe78244b4,322,CAL|DT|GR|NPHI|PE|RHOB|RT|RXO|SP,BIT|TEMP|SALINITY,CAL,0.0,
04a27469892a4fabb084f2f2b5bbca09,1014,CAL|DT|GR|NPHI|PE|RHOB|RT|RXO|SP,BIT|TEMP|SALINITY,,0.0,
0520c101e4e04507808cdba98cb10377,517,CAL|DT|GR|NPHI|PE|RHOB|RT|RXO|SP,BIT|TEMP|SALINITY,CAL,0.0,
05360fcd060e4183bb33f5fe50d4d1b3,557,CAL|DT|GR|NPHI|PE|RHOB|RT|SP,RXO|BIT|TEMP|SALINITY,,0.0,
0555f245365447d5bc4adc153cc34980,151,CAL|DT|GR|NPHI|PE|RHOB|RT|RXO|SP,BIT|TEMP|SALINITY,,0.0,
05cc418b68194a9ea4fbbb4affde607b,1153,CAL|DT|GR|NPHI|PE|RHOB|RT|RXO|SP,BIT|TEMP|SALINITY,CAL,0.0,
05f283f468de4325a1cef03b23682244,200,CAL|DT|GR|NPHI|PE|RHOB|RT|RXO|SP,BIT|TEMP|SALINITY,CAL,0.0,
0614f545342d4277bce3d918d617daca,594,CAL|DT|GR|NPHI|PE|RHOB|RT|RXO|SP,BIT|TEMP|SALINITY,,0.0,
061756c2dff340249661ed788b40d1dc,896,BIT|CAL|DT|GR|NPHI|PE|RHOB|RT|RXO|SALINITY|SP,TEMP,,0.118,
068f5ccb27504188a42183155bda4bb0,1009,CAL|DT|GR|NPHI|PE|RHOB|RT|RXO|SP,BIT|TEMP|SALINITY,,0.0,
06da48c78e6e4e1095bf12be7053fb3f,613,CAL|DT|GR|NPHI|PE|RHOB|RT|RXO|SP,BIT|TEMP|SALINITY,,0.0,
070cdd6c286447b5971bcdbdae557847,803,CAL|DT|GR|NPHI|PE|RHOB|RT|RXO|SP,BIT|TEMP|SALINITY,CAL,0.0,
070ea204900243aa8b4650681aeeac64,889,CAL|DT|GR|NPHI|PE|RHOB|RT|RXO|SP,BIT|TEMP|SALINITY,RXO,0.0,
07b6a9c7187a4bc3a160a26c750066af,496,CAL|DT|GR|NPHI|PE|RHOB|RT|RXO|SP,BIT|TEMP|SALINITY,CAL,0.0,Non-monotonic / reversed depth detected.
07d5a7d30b1a490998dd4adbd006d2f0,693,CAL|DT|GR|NPHI|PE|RHOB|RT|RXO|SP,BIT|TEMP|SALINITY,,0.0,
0897d3c69d144bb58c5124d432dd4f96,291,CAL|DT|GR|NPHI|PE|RHOB|RT|RXO|SP,BIT|TEMP|SALINITY,,0.0,
08a5efb6580448f9908d0b5e9c29dfeb,481,CAL|DT|GR|NPHI|PE|RHOB|RXO|SP,RT|BIT|TEMP|SALINITY,,0.0,
08b88f478410445a9e77d14bed3a366a,526,CAL|DT|GR|NPHI|PE|RHOB|RT|SP|TEMP,RXO|BIT|SALINITY,,0.0,
08c9992f01f94fe886a8e156aca4bde5,454,BIT|CAL|DT|GR|NPHI|PE|RHOB|RT|RXO|SP,TEMP|SALINITY,,0.1,
08fb17d42bfc45a3884194f597f755ca,245,CAL|DT|GR|NPHI|PE|RHOB|RT|RXO|SP,BIT|TEMP|SALINITY,,0.0,
09d16b74a4f54b43a747d0d1d8b7c3ea,244,CAL|DT|GR|NPHI|PE|RHOB|RT|RXO|SP,BIT|TEMP|SALINITY,RXO,0.0,
09fffc16465f4819bf157ee7b07bc42d,1195,CAL|DT|GR|NPHI|PE|RHOB|RT|RXO|SP,BIT|TEMP|SALINITY,RXO,0.0,
0a02bac0ecde4e93bfe72f9878eb836d,578,CAL|DT|GR|NPHI|PE|RHOB|RT|RXO|SP,BIT|TEMP|SALINITY,,0.0,
0a371dfda0f64272b24c7cd5b7d70e6a,813,CAL|DT|GR|NPHI|PE|RHOB|RT|RXO|SP|TEMP,BIT|SALINITY,,0.0,
0a7498d33ffd47148e2b3931870cf69f,668,CAL|DT|GR|NPHI|PE|RHOB|RT|RXO|SP,BIT|TEMP|SALINITY,,0.0,
0a9d1ea2306c4d01b729d9ff65587942,143,CAL|DT|GR|NPHI|PE|RHOB|RT|RXO|SP,BIT|TEMP|SALINITY,RXO,0.0,
0b18eab9ae0148edbcf9cbf607fb0147,591,CAL|DT|GR|NPHI|PE|RHOB|RT|RXO|SALINITY|SP,BIT|TEMP,,0.0,
0bb8e2882ad6426ca529fcfc730d7908,1240,CAL|DT|GR|NPHI|PE|RHOB|RT|RXO|SP,BIT|TEMP|SALINITY,RXO,0.0,
0be80b6650d44e82984909303362144d,487,CAL|DT|GR|NPHI|PE|RHOB|RT|RXO|SP,BIT|TEMP|SALINITY,,0.0,
0c3d74f5fa684889ac78442c6d05df52,895,CAL|DT|GR|NPHI|PE|RHOB|RT|RXO|SP,BIT|TEMP|SALINITY,,0.0,
0c59bb9bd1104fd2a0d8e992e86a47b9,794,BIT|CAL|DT|GR|NPHI|PE|RHOB|RT|RXO|SP,TEMP|SALINITY,,0.132,
0cb8704054dc47608de0f28728983293,1325,CAL|DT|GR|NPHI|PE|RHOB|RT|RXO|SP,BIT|TEMP|SALINITY,,0.0,
0d6a3df8f9f54df4bf81c8601d9961c6,998,CAL|DT|GR|NPHI|PE|RHOB|RT|RXO|SP|TEMP,BIT|SALINITY,,0.0,
0d9332063bd14ba69e224d6c9276b3ae,509,CAL|DT|GR|NPHI|PE|RHOB|RXO|SP,RT|BIT|TEMP|SALINITY,RXO,0.0,
0da66e1cf8b842eaa11e92196f5ee9d5,215,CAL|DT|GR|NPHI|PE|RHOB|RT|RXO|SP,BIT|TEMP|SALINITY,,0.0,Non-monotonic / reversed depth detected. Pervasive non-physical density-neutron separation.
0e71c53a6b164a4b923949199b8cacc8,155,CAL|DT|GR|NPHI|PE|RHOB|RT|RXO|SP,BIT|TEMP|SALINITY,RXO,0.0,
0eb41ddf3553443b90687f4076513d78,925,CAL|DT|GR|NPHI|PE|RHOB|RT|RXO|SALINITY|SP,BIT|TEMP,RXO|CAL,0.0,
0ee85d3fcfcd4e69aaf8caaabc130c39,420,CAL|DT|GR|NPHI|PE|RHOB|RT|RXO|SP,BIT|TEMP|SALINITY,RXO,0.0,Non-monotonic / reversed depth detected.
0eef38575f2f484bb42f65abeff5c26a,822,CAL|DT|GR|NPHI|PE|RHOB|RT|RXO|SP,BIT|TEMP|SALINITY,CAL,0.0,
0effee457908482f8512b9dfbae7cb85,1234,CAL|DT|GR|NPHI|PE|RHOB|RT|RXO|SP,BIT|TEMP|SALINITY,CAL,0.0,
0f117a3776654487927cd62999b7826c,518,CAL|DT|GR|NPHI|PE|RHOB|RT|SP,RXO|BIT|TEMP|SALINITY,,0.0,
0f43ce0462ea471f8500596e5ce3a1c8,408,CAL|DT|GR|NPHI|PE|RHOB|RT|RXO|SP,BIT|TEMP|SALINITY,,0.0,
0f82f8e1d9e645d9a71f96658c442647,673,CAL|DT|GR|NPHI|PE|RHOB|RT|RXO|SP|TEMP,BIT|SALINITY,RXO,0.0,
0fb8928230a446278d65ba49b50dc627,952,CAL|DT|GR|NPHI|PE|RHOB|RT|RXO|SP,BIT|TEMP|SALINITY,,0.0,
1005b570d68642d9aaaeadfc3957525e,497,CAL|DT|GR|NPHI|PE|RHOB|RT|RXO|SP,BIT|TEMP|SALINITY,,0.0,
10dfac37ac4946b294505d1dd5cba522,952,CAL|DT|GR|NPHI|PE|RHOB|RT|RXO|SP,BIT|TEMP|SALINITY,RXO|CAL,0.0,
11a3f34cc694444982a8ee48602a63ce,558,CAL|DT|GR|NPHI|PE|RHOB|RT|RXO|SP,BIT|TEMP|SALINITY,CAL,0.0,
11bcdd09663b4d50b2b864b858a3248a,1084,CAL|DT|GR|NPHI|PE|RHOB|RT|RXO|SP,BIT|TEMP|SALINITY,,0.0,Non-monotonic / reversed depth detected. Pervasive non-physical density-neutron separation.
128faf2259f24d10ba51a44204f4510d,666,CAL|DT|GR|NPHI|PE|RHOB|RT|RXO|SP,BIT|TEMP|SALINITY,CAL,0.0,Non-monotonic / reversed depth detected.
12ca01ef590f4e0eb98e10547d6ccdff,493,CAL|DT|GR|NPHI|PE|RHOB|RT|RXO|SP,BIT|TEMP|SALINITY,RXO,0.0,
133ac4f8766a4021b82c3f988b6f41cd,468,CAL|DT|GR|NPHI|PE|RHOB|RT|RXO|SP,BIT|TEMP|SALINITY,,0.0,
13b4a532e3ea447fa56251d46244d9fd,357,CAL|DT|GR|NPHI|PE|RHOB|RT|RXO|SP,BIT|TEMP|SALINITY,CAL,0.0,
14196706720946deaadfd0ec58f7b118,216,CAL|DT|GR|NPHI|PE|RHOB|RT|RXO|SP,BIT|TEMP|SALINITY,RXO,0.0,
144c94959a8a46dd82f9036cbdd045a2,474,CAL|DT|GR|NPHI|PE|RHOB|RT|RXO|SP,BIT|TEMP|SALINITY,CAL,0.0,
14c4e168f3c94dca98b0c41ba50c69fd,468,CAL|DT|GR|NPHI|PE|RHOB|RXO|SP,RT|BIT|TEMP|SALINITY,RXO,0.0,Non-monotonic / reversed depth detected.
14cd7be78a204584b47b542bc22d69e3,958,CAL|DT|GR|NPHI|PE|RHOB|RT|RXO|SP,BIT|TEMP|SALINITY,,0.0,
14e39492275e4593a2a0b511ddb8e08b,578,CAL|DT|GR|NPHI|PE|RHOB|RT|RXO|SP,BIT|TEMP|SALINITY,,0.0,
15e8c93423034269867f045203d6c7b7,125,CAL|DT|GR|NPHI|PE|RHOB|RT|RXO|SP,BIT|TEMP|SALINITY,GR,0.0,Dead/constant primary curve(s): ['GR']
16140b8307e54d2290113df2ce4f8929,312,CAL|DT|GR|NPHI|PE|RHOB|RT|RXO|SP,BIT|TEMP|SALINITY,,0.0,
1660bf50bfc04c6e85d4c6d8b71c00fd,811,CAL|DT|GR|NPHI|PE|RHOB|RT|RXO|SP,BIT|TEMP|SALINITY,,0.0,
16e93e9a67ec4a3f8cc523e1208dac5f,258,CAL|DT|GR|NPHI|PE|RHOB|RT|RXO|SP,BIT|TEMP|SALINITY,,0.0,
1735a543de6649f29859f081fdd9b8d1,349,CAL|DT|GR|NPHI|PE|RHOB|RT|RXO|SALINITY|SP,BIT|TEMP,DT,0.0,Dead/constant primary curve(s): ['DT']
173fc8a390a5491b941356154efc66a7,162,CAL|DT|GR|NPHI|PE|RHOB|RT|RXO|SP,BIT|TEMP|SALINITY,,0.0,
1787fb253f9c486b851e5f5540fd45ef,1058,CAL|DT|GR|NPHI|PE|RHOB|RT|SP,RXO|BIT|TEMP|SALINITY,,0.0,
1792d7195ead4bb797ae1664cca53f16,458,CAL|DT|GR|NPHI|PE|RHOB|RT|RXO|SP,BIT|TEMP|SALINITY,,0.0,
17985982829a45dcb57ea813d4263567,1594,CAL|DT|GR|NPHI|PE|RHOB|RT|RXO|SP|TEMP,BIT|SALINITY,,0.0,
18148cb7283c4a34ba7cc3dd64eec59e,673,CAL|DT|GR|NPHI|PE|RHOB|RT|RXO|SP,BIT|TEMP|SALINITY,,0.0,
183b4fe5c2274412a717271a499a7639,268,CAL|DT|GR|NPHI|PE|RHOB|RT|RXO|SALINITY|SP,BIT|TEMP,RXO,0.0,
18af92589ba448d8a609de9aa0524f2c,245,CAL|DT|GR|NPHI|PE|RHOB|RT|RXO|SALINITY|SP|TEMP,BIT,,0.0,
18b2eee7a6344478b0ddda665db4fc45,1628,CAL|DT|GR|NPHI|PE|RHOB|RT|RXO|SP,BIT|TEMP|SALINITY,,0.0,
1903014472524e2090ccb263f6c4c135,378,CAL|DT|GR|NPHI|PE|RHOB|RT|RXO|SP,BIT|TEMP|SALINITY,,0.0,
1984a8e33aba49729af48e4fe9a0c692,674,BIT|CAL|DT|GR|NPHI|PE|RHOB|RT|RXO|SP,TEMP|SALINITY,,0.113,
19cd4cd21d2146a2bb43a85a664a9af2,363,BIT|CAL|DT|GR|NPHI|PE|RHOB|RT|RXO|SP,TEMP|SALINITY,,0.131,
1a7021f5236d4fb18c60308943deeaeb,784,CAL|DT|GR|NPHI|PE|RHOB|RXO|SP,RT|BIT|TEMP|SALINITY,,0.0,
1a9659fc83a54b908dd80813aee281a9,438,CAL|DT|GR|NPHI|PE|RHOB|RT|RXO|SP|TEMP,BIT|SALINITY,,0.0,
1ba870df769f4b72ac995f39f9ed1a04,394,CAL|DT|GR|NPHI|PE|RHOB|RT|RXO|SP,BIT|TEMP|SALINITY,RXO,0.0,
1bc6b4c9d770466eb414234e58312729,734,CAL|DT|GR|NPHI|PE|RHOB|RT|RXO|SP,BIT|TEMP|SALINITY,RT|CAL,0.0,Dead/constant primary curve(s): ['RT']
1bd068fd2e3f4364a082d903a14eacf1,782,CAL|DT|GR|NPHI|PE|RHOB|RT|RXO|SP,BIT|TEMP|SALINITY,CAL,0.0,
1bf2798b1b154ab88b2da3eafb556c62,939,BIT|CAL|DT|GR|NPHI|PE|RHOB|RT|RXO|SALINITY|SP,TEMP,,0.131,
1c44ec42a9c741109a67728dfb4f138a,709,CAL|DT|GR|NPHI|PE|RHOB|RT|RXO|SP,BIT|TEMP|SALINITY,RXO,0.0,
1c9ae580fd694749920151854f0ad659,314,DT|GR|NPHI|PE|RHOB|RXO|SP,RT|CAL|BIT|TEMP|SALINITY,,0.0,
1cb6762bdfa0435b96f404ff4e8e4ff8,454,CAL|DT|GR|NPHI|PE|RHOB|RT|RXO|SP,BIT|TEMP|SALINITY,,0.0,
1d091abafd64459cb1bd6b580b79a409,742,CAL|DT|GR|NPHI|PE|RHOB|RT|RXO|SP,BIT|TEMP|SALINITY,CAL,0.0,
1dee15dd67d749df826fe8f0ab8f5f99,2296,CAL|DT|GR|NPHI|PE|RHOB|RT|RXO|SP,BIT|TEMP|SALINITY,CAL,0.0,
1e38232af3af416c98a1346d66107ca0,1912,BIT|CAL|DT|GR|NPHI|PE|RHOB|RT|RXO|SALINITY|SP,TEMP,,0.121,
1e964686c9614fceb65abb1c9ea81ffe,893,CAL|DT|GR|NPHI|PE|RHOB|RT|RXO|SP,BIT|TEMP|SALINITY,RXO,0.0,
1ee28d636c2c4fbb9bd54e0ad4ea7844,1253,CAL|DT|GR|NPHI|PE|RHOB|RT|RXO|SP,BIT|TEMP|SALINITY,,0.0,
1fb2f7b60fe347e28acf5c0889417c62,307,CAL|DT|GR|NPHI|PE|RHOB|RT|RXO|SP,BIT|TEMP|SALINITY,,0.0,
1fc54168c419478083772e187deb8a8b,286,CAL|DT|GR|NPHI|PE|RHOB|RT|RXO|SP|TEMP,BIT|SALINITY,,0.0,
20d7e591f5584e95b1c92420a8c861eb,451,CAL|DT|GR|NPHI|PE|RHOB|RXO|SP,RT|BIT|TEMP|SALINITY,,0.0,
20d8a6f7e09243d0bba618028fdf62cf,1542,BIT|CAL|DT|GR|NPHI|PE|RHOB|RT|RXO|SALINITY|SP,TEMP,,0.131,
216119e0662e402aaa26caeab7aaeef3,199,CAL|DT|GR|NPHI|PE|RHOB|RT|RXO|SP,BIT|TEMP|SALINITY,,0.0,
21c24bf285904f7fbfadb4d7e0d596b3,787,CAL|DT|GR|NPHI|PE|RHOB|RT|RXO|SP,BIT|TEMP|SALINITY,,0.0,
21eb8e5aa5ff476e921329770a693d54,1204,CAL|DT|GR|NPHI|PE|RHOB|RT|RXO|SP,BIT|TEMP|SALINITY,,0.0,
220df64397d9467f9e44c39d30f67133,548,CAL|DT|GR|NPHI|PE|RHOB|RT|RXO|SP,BIT|TEMP|SALINITY,CAL,0.0,
22819c615bfe46a59c1435440ce54073,733,CAL|DT|GR|NPHI|PE|RHOB|RT|RXO|SP,BIT|TEMP|SALINITY,DT,0.0,Dead/constant primary curve(s): ['DT']
22af30f94826496a8a49403c1d17d464,539,CAL|DT|GR|NPHI|PE|RHOB|RT|RXO|SP,BIT|TEMP|SALINITY,,0.0,
22ea0efc83ad4a83aebcb6f79b8f72f2,909,CAL|DT|GR|NPHI|PE|RHOB|RT|RXO|SP,BIT|TEMP|SALINITY,CAL,0.0,
22edfbafa9cb481886f10de541912679,470,CAL|DT|GR|NPHI|PE|RHOB|RT|RXO|SP,BIT|TEMP|SALINITY,RXO,0.0,
231901bdd3c24ea5a0db4b34c84aeafb,690,CAL|DT|GR|NPHI|PE|RHOB|RT|RXO|SP,BIT|TEMP|SALINITY,,0.0,
23468e3552ba43a9b0fc29eee3a6344b,363,CAL|DT|GR|NPHI|PE|RHOB|RT|RXO|SP,BIT|TEMP|SALINITY,,0.0,
23c85adfcc324699a0012c003f26ceff,885,CAL|DT|GR|NPHI|PE|RHOB|RXO|SP,RT|BIT|TEMP|SALINITY,,0.0,
241802c0e52c4827a6c6ccb619da8936,161,CAL|DT|GR|NPHI|PE|RHOB|RT|RXO|SP,BIT|TEMP|SALINITY,,0.0,
241caa85c9484fad8fcb1a50c4522ed2,825,CAL|DT|GR|NPHI|PE|RHOB|RT|SP,RXO|BIT|TEMP|SALINITY,,0.0,
244bc595e36b4aa68f9ad81f4418bcfc,295,CAL|DT|GR|NPHI|PE|RHOB|RT|RXO|SP,BIT|TEMP|SALINITY,,0.0,
261246ac08124561a5c2b4d4aa41369e,280,CAL|DT|GR|NPHI|PE|RHOB|RT|RXO|SP,BIT|TEMP|SALINITY,CAL,0.0,
2621dff689d047abaff0ac05b0cf0c8e,552,CAL|DT|GR|NPHI|PE|RHOB|RT|RXO|SP,BIT|TEMP|SALINITY,,0.0,
2690c682297a450dbb0612f93f0767a2,516,CAL|DT|GR|NPHI|PE|RHOB|RT|RXO|SP,BIT|TEMP|SALINITY,,0.0,
27521b796ee4417e99ae52a8cf0767d0,68,CAL|DT|GR|NPHI|PE|RHOB|RT|SALINITY|SP|TEMP,RXO|BIT,PE|CAL|SP,0.0,Non-monotonic / reversed depth detected.
2796249facfc404a80e3e48e4d4368f0,251,CAL|DT|GR|NPHI|PE|RHOB|RXO|SP,RT|BIT|TEMP|SALINITY,,0.0,
282c01bb93b94fb9b89718874203db76,554,CAL|DT|GR|NPHI|PE|RHOB|RT|SP,RXO|BIT|TEMP|SALINITY,,0.0,
287f3841a2d941f19baa22cd506d61ea,746,CAL|DT|GR|NPHI|PE|RHOB|RT|RXO|SP,BIT|TEMP|SALINITY,,0.0,
28a07f1a9af84d26bd2ddfdf283c5ca1,121,CAL|DT|GR|NPHI|PE|RHOB|RT|RXO|SP,BIT|TEMP|SALINITY,RT|RXO|PE,0.0,Non-monotonic / reversed depth detected. Dead/constant primary curve(s): ['RT']
28a1ff20e15c4c78b604b62fdf2e2cf9,282,CAL|DT|GR|NPHI|PE|RHOB|RT|RXO|SP,BIT|TEMP|SALINITY,,0.0,
290f15eaf8364088936029a241186980,1105,BIT|CAL|DT|GR|NPHI|PE|RHOB|RT|RXO|SALINITY|SP,TEMP,,0.142,
291ca8b6d90f41029862f8723c53e75d,1201,CAL|DT|GR|NPHI|PE|RHOB|RT|RXO|SP,BIT|TEMP|SALINITY,CAL,0.0,
2a25bf93b31c47f282c9c2fe9949a115,553,CAL|DT|GR|NPHI|PE|RHOB|RT|RXO|SP,BIT|TEMP|SALINITY,RXO,0.0,
2a775616226f44d6a90bdb5e2d258223,1122,CAL|DT|GR|NPHI|PE|RHOB|RT|RXO|SP,BIT|TEMP|SALINITY,,0.0,
2a96ae191a03486c8fd3c24973418708,1118,CAL|DT|GR|NPHI|PE|RHOB|RT|RXO|SALINITY|SP,BIT|TEMP,,0.0,
2aa0fc483f214096868dbca4066eacd9,528,CAL|DT|GR|NPHI|PE|RHOB|RT|RXO|SP,BIT|TEMP|SALINITY,,0.0,
2aa513d031414266b7ca119b296cd018,354,CAL|DT|GR|NPHI|PE|RHOB|RT|RXO|SP,BIT|TEMP|SALINITY,,0.0,Non-monotonic / reversed depth detected. Pervasive non-physical density-neutron separation.
2ab8df932fc74dc8856d482da4908da1,911,CAL|DT|GR|NPHI|PE|RHOB|RT|RXO|SP,BIT|TEMP|SALINITY,,0.0,
2ad69e44683c48b4a02f167f029e496c,862,CAL|DT|GR|NPHI|PE|RHOB|RT|RXO|SP,BIT|TEMP|SALINITY,,0.0,
2b013c22a51a4bee8ac2164d4782b636,869,CAL|DT|GR|NPHI|PE|RHOB|RT|RXO|SP,BIT|TEMP|SALINITY,,0.0,
2b8785d563694c829872490c4e4393fa,1025,CAL|DT|GR|NPHI|PE|RHOB|RT|RXO|SP,BIT|TEMP|SALINITY,,0.0,
2bd5da58ed7040feb8c95112142dd7cd,597,CAL|DT|GR|NPHI|PE|RHOB|RT|RXO|SP,BIT|TEMP|SALINITY,,0.0,
2c2917c9074446fa944f3d998f0e07d3,383,CAL|GR|NPHI|PE|RHOB|RT|RXO|SP,DT|BIT|TEMP|SALINITY,CAL,0.0,
2c2f3d1dda154e509939e77646323de1,302,CAL|GR|NPHI|PE|RHOB|RT|RXO|SALINITY|SP,DT|BIT|TEMP,RXO,0.0,
2c840bb750554c1b846940c04240cbc3,900,CAL|DT|GR|NPHI|PE|RHOB|RT|RXO|SP,BIT|TEMP|SALINITY,,0.0,
2caa5d1edc254f8ba97a0a6d42f894d5,380,CAL|DT|GR|NPHI|PE|RHOB|RXO|SP,RT|BIT|TEMP|SALINITY,,0.0,
2ccc524fba7140079c0b05c9509bdd3b,269,CAL|DT|GR|NPHI|PE|RHOB|RT|RXO|SP,BIT|TEMP|SALINITY,,0.0,Pervasive non-physical density-neutron separation.
2cde6c0bff7844ff99ce40df4be36d7a,1047,CAL|DT|GR|NPHI|PE|RHOB|RT|RXO|SP,BIT|TEMP|SALINITY,CAL,0.0,
2cf6e99afe504e0a8aba7fae8dfaa7dc,411,CAL|DT|GR|NPHI|PE|RHOB|RT|RXO|SP,BIT|TEMP|SALINITY,,0.0,
2d0a0bd6fb914ec7aee8db5561971d0a,284,CAL|DT|GR|NPHI|PE|RHOB|RT|RXO|SP,BIT|TEMP|SALINITY,,0.0,Non-monotonic / reversed depth detected.
2d5a1b2d1f3945eb9a4b2042c2be3886,291,CAL|DT|GR|NPHI|PE|RHOB|RT|RXO|SP,BIT|TEMP|SALINITY,RXO,0.0,
2d9b42ff2f6742139830db95c7915ec1,334,CAL|DT|GR|NPHI|PE|RHOB|RT|RXO|SP|TEMP,BIT|SALINITY,,0.0,
2da2db0656e14cecb9a6d1013879da47,1499,CAL|DT|GR|NPHI|PE|RHOB|RT|RXO|SP,BIT|TEMP|SALINITY,,0.0,
2da3fb13245041dab9a11b928a30e50e,275,CAL|DT|GR|NPHI|PE|RHOB|RT|RXO|SP,BIT|TEMP|SALINITY,CAL,0.0,
2daf991fb8954eee9bac8f5953dd944f,1049,CAL|DT|GR|NPHI|PE|RHOB|RT|RXO|SP,BIT|TEMP|SALINITY,,0.0,
2de8019b0c8a47d5a79264d63e3e77c5,771,CAL|DT|GR|NPHI|PE|RHOB|RT|RXO|SP,BIT|TEMP|SALINITY,CAL,0.0,
2debac8b28fd4a21a80d68cb788ff99c,358,CAL|DT|GR|NPHI|PE|RHOB|RT|RXO|SP,BIT|TEMP|SALINITY,,0.0,
2df2a3b6d750407eaa705b853f8858d7,618,CAL|DT|GR|NPHI|PE|RHOB|RT|RXO|SP,BIT|TEMP|SALINITY,,0.0,
2e33364b8c13471b969a6a93565f84e0,546,CAL|DT|GR|NPHI|PE|RHOB|RT|RXO|SP,BIT|TEMP|SALINITY,CAL,0.0,
2e6315fd30534ec99db4fd76f222c24e,277,CAL|DT|GR|NPHI|PE|RHOB|RT|RXO|SP|TEMP,BIT|SALINITY,,0.0,Non-monotonic / reversed depth detected. Pervasive non-physical density-neutron separation.
2ebcd3a714db4a759f755816aee11181,685,CAL|DT|GR|NPHI|PE|RHOB|RT|RXO|SP,BIT|TEMP|SALINITY,,0.0,
2efac2566afe4405bc3f04cccba86889,323,CAL|DT|GR|NPHI|PE|RHOB|RT|RXO|SP,BIT|TEMP|SALINITY,,0.0,
2f308ad4973b4867a164fd93a421f13b,262,CAL|DT|GR|NPHI|PE|RHOB|RT|RXO|SP,BIT|TEMP|SALINITY,CAL,0.0,
2f7a0d2b4d4445f7b2819f350cddc5f1,888,CAL|DT|GR|NPHI|PE|RHOB|RT|RXO|SP,BIT|TEMP|SALINITY,,0.0,Non-monotonic / reversed depth detected. Pervasive non-physical density-neutron separation.
2f84f2786f5243a2897f15e94f2f7c9f,1046,CAL|DT|GR|NPHI|PE|RHOB|RT|RXO|SP,BIT|TEMP|SALINITY,,0.0,
3020950e02da4aea9dc8e2cdad25c4d6,408,CAL|DT|GR|NPHI|PE|RHOB|RT|RXO|SP,BIT|TEMP|SALINITY,,0.0,
309ad0a7a60d426ba4cae964750082e2,1547,BIT|CAL|DT|GR|NPHI|PE|RHOB|RT|RXO|SP,TEMP|SALINITY,,0.128,
30e47956dae642edae3d8b6100a6dd57,788,CAL|DT|GR|NPHI|PE|RHOB|RT|RXO|SP,BIT|TEMP|SALINITY,,0.0,
30ec6626e5f64547b0bbfca81f2a7272,1068,CAL|DT|GR|NPHI|PE|RHOB|RXO|SP,RT|BIT|TEMP|SALINITY,,0.0,
312151292209410484bc1591484ec9ff,474,CAL|DT|GR|NPHI|PE|RHOB|RT|RXO|SP,BIT|TEMP|SALINITY,,0.0,
317491cb93f74461ae47415e59d250c4,784,CAL|DT|GR|NPHI|PE|RHOB|RT|RXO|SALINITY|SP,BIT|TEMP,,0.0,
317ee32837774f5fa1a7bde4747f6f0c,1189,CAL|DT|GR|NPHI|PE|RHOB|RT|RXO|SP,BIT|TEMP|SALINITY,,0.0,
3198e2869ced495a9bba5462969a6f88,490,BIT|CAL|DT|GR|NPHI|PE|RHOB|RT|RXO|SP,TEMP|SALINITY,,0.133,
324bd097e52d4c298607560e6d6ca63a,1278,CAL|DT|GR|NPHI|PE|RHOB|RT|RXO|SP,BIT|TEMP|SALINITY,,0.0,
324f0f863dd0458ab607a249eab2d2a0,785,CAL|DT|GR|NPHI|PE|RHOB|RT|RXO|SP,BIT|TEMP|SALINITY,,0.0,Non-monotonic / reversed depth detected.
333a745b78a14bb396c4ec002f45ff09,173,CAL|DT|GR|NPHI|PE|RHOB|RT|RXO|SP,BIT|TEMP|SALINITY,,0.0,
33728e6e47f2467a9888fc375c2c7f4b,193,CAL|DT|GR|NPHI|PE|RHOB|RT|RXO|SP,BIT|TEMP|SALINITY,RXO,0.0,
33aa298d8617412c878686ccd5babcf7,1001,CAL|DT|GR|NPHI|PE|RHOB|RT|RXO|SP,BIT|TEMP|SALINITY,,0.0,
340840e246114f858b334e5fa2d43e73,834,CAL|DT|GR|NPHI|PE|RHOB|RT|RXO|SP,BIT|TEMP|SALINITY,,0.0,
34126618c487423ebec6dac4d543a3e2,652,CAL|DT|GR|NPHI|PE|RHOB|RT|RXO|SP,BIT|TEMP|SALINITY,,0.0,
3422e18a242743b08ac48163fded0a29,457,CAL|DT|GR|NPHI|PE|RHOB|RT|RXO|SALINITY|SP,BIT|TEMP,CAL,0.0,
3468de608d33496a8ef0ca763197add0,1210,CAL|DT|GR|NPHI|PE|RHOB|RXO|SP,RT|BIT|TEMP|SALINITY,RXO|CAL,0.0,
348cced7e4cc458fb88bb37c05500029,879,CAL|DT|GR|NPHI|PE|RHOB|RT|RXO|SP,BIT|TEMP|SALINITY,CAL,0.0,Non-monotonic / reversed depth detected. Pervasive non-physical density-neutron separation.
34a3203b88ef48449105cfb7ced843c5,777,BIT|CAL|DT|GR|NPHI|PE|RHOB|RT|RXO|SP,TEMP|SALINITY,,0.134,
36a2cf6d2d61405e836e9c94d427ac36,399,CAL|DT|GR|NPHI|PE|RHOB|RT|RXO|SP,BIT|TEMP|SALINITY,CAL,0.0,
36d22478908b4f5fa7fb13518f025592,633,CAL|DT|GR|NPHI|PE|RHOB|RT|RXO|SALINITY|SP|TEMP,BIT,,0.0,
37039392ff6245e4a5e9be691d43bf7a,1015,CAL|DT|GR|NPHI|PE|RHOB|RT|RXO|SP|TEMP,BIT|SALINITY,,0.0,
376b6e0c18744bfea8ad87933aae16e2,1364,CAL|DT|GR|NPHI|PE|RHOB|RT|RXO|SP,BIT|TEMP|SALINITY,,0.0,
3821cbcfd6024b2181d7849ec6d7bf9f,221,CAL|DT|GR|NPHI|PE|RHOB|RT|RXO|SP,BIT|TEMP|SALINITY,RXO,0.0,
3870e29d2fc6438ea68b2aa5d015c47e,773,CAL|DT|GR|NPHI|PE|RHOB|RT|RXO|SP,BIT|TEMP|SALINITY,,0.0,Pervasive non-physical density-neutron separation.
38ad07821a184f7bb07195632e33f824,518,CAL|DT|GR|NPHI|PE|RHOB|RT|RXO|SP,BIT|TEMP|SALINITY,,0.0,
38bcfa37850144e98d55aa2b820b090d,1381,CAL|DT|GR|NPHI|PE|RHOB|RT|RXO|SP,BIT|TEMP|SALINITY,,0.0,
38cbf12a66df4cacaf8521624e92731b,328,CAL|DT|GR|NPHI|PE|RHOB|RT|RXO|SP,BIT|TEMP|SALINITY,CAL,0.0,
38d1f95692f24bc58bcb6d2aab266300,1107,CAL|DT|GR|NPHI|PE|RHOB|RXO|SP,RT|BIT|TEMP|SALINITY,,0.0,
38f6d9ad73b4427b855a3bb8f56524d1,420,CAL|GR|NPHI|PE|RHOB|RT|RXO|SP,DT|BIT|TEMP|SALINITY,,0.0,
39447fa3c42343ba987784d1c23f723c,624,CAL|DT|GR|NPHI|PE|RHOB|RT|RXO|SP,BIT|TEMP|SALINITY,,0.0,
394e8092fc0447788cfd0049cd5df245,1265,BIT|CAL|DT|GR|NPHI|PE|RHOB|RT|RXO|SALINITY|SP,TEMP,RXO,0.135,
3971e3a3055043c7bc6e2256010cf7f2,402,BIT|CAL|DT|GR|NPHI|PE|RHOB|RT|RXO|SP,TEMP|SALINITY,,0.127,
39a43c6195b54e1a80b5a217a7718942,339,CAL|GR|NPHI|PE|RHOB|RT|SP,DT|RXO|BIT|TEMP|SALINITY,,0.0,
3a5aa1fa232d4dd8b93bb7e9a65bf68a,208,CAL|DT|GR|NPHI|PE|RHOB|RT|RXO|SP,BIT|TEMP|SALINITY,,0.0,
3b110bf28b1c4276ad6090a4505b18cf,668,CAL|DT|GR|NPHI|PE|RHOB|RXO|SP|TEMP,RT|BIT|SALINITY,DT,0.0,Dead/constant primary curve(s): ['DT']
3b1a1ea3dbb4479ab07954aea3d3955d,572,CAL|DT|GR|NPHI|PE|RHOB|RT|RXO|SP|TEMP,BIT|SALINITY,CAL,0.0,
3b632e78ee064229a56838341a7488cc,536,BIT|CAL|DT|GR|NPHI|PE|RHOB|RT|RXO|SALINITY|SP,TEMP,DT,0.134,Dead/constant primary curve(s): ['DT']
3c099b8df0eb45d88f5acfc2592f7f6b,961,CAL|DT|GR|NPHI|PE|RHOB|RT|RXO|SALINITY|SP|TEMP,BIT,,0.0,
3c5f9d1a865644a1b1bcb9dac37fce68,420,CAL|DT|GR|NPHI|PE|RHOB|RT|RXO|SP,BIT|TEMP|SALINITY,RXO,0.0,
3ccdc50ac2bb4b22aadba77869c47fe8,2064,CAL|DT|GR|NPHI|PE|RHOB|RT|RXO|SALINITY|SP,BIT|TEMP,CAL,0.0,
3cec552899cb4bdba44391ff728177d5,418,CAL|DT|GR|NPHI|PE|RHOB|RT|RXO|SP,BIT|TEMP|SALINITY,,0.0,Pervasive non-physical density-neutron separation.
3d0592dcb4b84262a00865191b852821,935,CAL|DT|GR|NPHI|PE|RHOB|RT|SP,RXO|BIT|TEMP|SALINITY,,0.0,Non-monotonic / reversed depth detected.
3daf6887e60641cf9ebf38dddc6cc705,488,CAL|DT|GR|NPHI|PE|RHOB|RT|RXO|SP,BIT|TEMP|SALINITY,,0.0,
3e5d3da1f62747048234373cdb6b2be7,185,CAL|DT|GR|NPHI|PE|RHOB|RT|RXO|SP,BIT|TEMP|SALINITY,,0.0,Non-monotonic / reversed depth detected.
3ed2ed8ed5ac4faaa75c930912052181,201,BIT|CAL|DT|GR|NPHI|PE|RHOB|RT|RXO|SP,TEMP|SALINITY,,0.082,
3ee9dfef4f714dd2b5ef92eae0659c10,938,CAL|DT|GR|NPHI|PE|RHOB|RXO|SP,RT|BIT|TEMP|SALINITY,RXO,0.0,
3f0dd41f831b4046b6f8738ea0c56e48,852,CAL|DT|GR|NPHI|PE|RHOB|RT|RXO|SP,BIT|TEMP|SALINITY,RXO,0.0,
3f0e5d2fa69c466bbfee04d9b76d2eb0,493,CAL|DT|GR|NPHI|PE|RHOB|RT|RXO|SP,BIT|TEMP|SALINITY,,0.0,
3f1aa9eb002f4fb6a10e669c982b802c,940,CAL|DT|GR|NPHI|PE|RHOB|RT|RXO|SP,BIT|TEMP|SALINITY,,0.0,
3f46309b1b4747a8a1f4d3dc336fd442,1193,CAL|DT|GR|NPHI|PE|RHOB|RT|RXO|SP,BIT|TEMP|SALINITY,CAL,0.0,
3f49b4279fac44e6bba49efd27f32484,330,CAL|DT|GR|NPHI|PE|RHOB|RT|RXO|SP,BIT|TEMP|SALINITY,,0.0,
3f617c3ff81940e18d36b4e544ffe7b9,528,CAL|DT|GR|NPHI|PE|RHOB|RXO|SP,RT|BIT|TEMP|SALINITY,RXO,0.0,
4069730a6f364e2cbbb6758fd742a116,282,CAL|DT|GR|NPHI|PE|RHOB|RXO|SP,RT|BIT|TEMP|SALINITY,,0.0,
4144d921711d4de382a0268439d3d844,667,CAL|DT|GR|NPHI|PE|RHOB|RT|RXO|SP,BIT|TEMP|SALINITY,RXO,0.0,Non-monotonic / reversed depth detected. Pervasive non-physical density-neutron separation.
4146652502cf4faa81e8df6863bbc9ee,651,CAL|DT|GR|NPHI|PE|RHOB|RT|RXO|SP,BIT|TEMP|SALINITY,,0.0,
41824c42f8c14b8bbfcf90a04490caa4,330,CAL|DT|GR|NPHI|PE|RHOB|RT|RXO|SP,BIT|TEMP|SALINITY,,0.0,
41e450058e964069b34c95bab2fc5b4c,1019,CAL|DT|GR|NPHI|PE|RHOB|RT|RXO|SP,BIT|TEMP|SALINITY,,0.0,
42cfe71ea9ef42b9806b1b53ec5f81e7,744,CAL|DT|GR|NPHI|PE|RHOB|RT|RXO|SP,BIT|TEMP|SALINITY,,0.0,
42fe1db43ba749a0bb26be4b0fa3f063,1008,CAL|DT|GR|NPHI|PE|RHOB|RT|RXO|SP,BIT|TEMP|SALINITY,,0.0,
4343c76850f9400f927bbec05d5d23ff,905,CAL|DT|GR|NPHI|PE|RHOB|RT|RXO|SP,BIT|TEMP|SALINITY,,0.0,
44cdd62f38d74604b778b295fb213583,1401,CAL|DT|GR|NPHI|PE|RHOB|RT|RXO|SP,BIT|TEMP|SALINITY,,0.0,Non-monotonic / reversed depth detected. Pervasive non-physical density-neutron separation.
44ddaeb988ae42a684992aaa52f31197,603,CAL|DT|GR|NPHI|PE|RHOB|RT|RXO|SP,BIT|TEMP|SALINITY,RXO,0.0,
44fdb519f0b145feb5c20a438635860b,1186,CAL|DT|GR|NPHI|PE|RHOB|RT|RXO|SP,BIT|TEMP|SALINITY,RXO,0.0,
4500f4c604934ef79cc07df34b0d6e24,504,CAL|DT|GR|NPHI|PE|RHOB|RT|RXO|SP,BIT|TEMP|SALINITY,RXO|CAL,0.0,Pervasive non-physical density-neutron separation.
456ef2e2736d402e9c36d07850fc13aa,969,CAL|DT|GR|NPHI|PE|RHOB|RT|RXO|SP,BIT|TEMP|SALINITY,,0.0,
45cc1d9ac3ab406c9bf175a88e1b8c8a,531,CAL|DT|GR|NPHI|PE|RHOB|RT|RXO|SP,BIT|TEMP|SALINITY,,0.0,
45d1eef879994ee3a222c7c5046c7a40,355,CAL|DT|GR|NPHI|PE|RHOB|RT|RXO|SP,BIT|TEMP|SALINITY,,0.0,
45fd2e993d98405da0140ed902911953,351,CAL|DT|GR|NPHI|PE|RHOB|RXO|SP,RT|BIT|TEMP|SALINITY,,0.0,
4669f25d04c6411386f1a9316aca993a,1118,CAL|DT|GR|NPHI|PE|RHOB|RT|RXO|SP,BIT|TEMP|SALINITY,RXO,0.0,
46d9f92f2ba24730b83c80391ac3bfb5,231,CAL|DT|GR|NPHI|PE|RHOB|RT|RXO|SALINITY|SP,BIT|TEMP,,0.0,Non-monotonic / reversed depth detected.
46fdcb16c5ec4a30844092254a0e11d4,197,CAL|DT|GR|NPHI|PE|RHOB|RT|RXO|SP,BIT|TEMP|SALINITY,,0.0,Pervasive non-physical density-neutron separation.
473c1543e8ca4d3dba3e8e3af575bad9,555,CAL|DT|GR|NPHI|PE|RHOB|RT|RXO|SP,BIT|TEMP|SALINITY,,0.0,
4747cd776421453f9dc049fd745f2421,1317,CAL|DT|GR|NPHI|PE|RHOB|RT|SP|TEMP,RXO|BIT|SALINITY,,0.0,
47cba280f1e1489c88eacdb7e10f3ccc,690,CAL|DT|GR|NPHI|PE|RHOB|RT|RXO|SP,BIT|TEMP|SALINITY,,0.0,
47e7976204714447ae55352833554499,575,CAL|DT|GR|NPHI|PE|RHOB|RXO|SP,RT|BIT|TEMP|SALINITY,,0.0,
480f3497bd17407dbdc756d8debe967a,449,CAL|DT|GR|NPHI|PE|RHOB|RT|RXO|SP,BIT|TEMP|SALINITY,RXO,0.0,Non-monotonic / reversed depth detected. Pervasive non-physical density-neutron separation.
48873c5bc8e4442ea76f052ab57ead5f,1150,CAL|DT|GR|NPHI|PE|RHOB|RT|RXO|SP,BIT|TEMP|SALINITY,,0.0,
489eb2fdeba146a7b0ab9cc935316b0c,229,CAL|DT|GR|NPHI|PE|RHOB|RT|RXO|SP,BIT|TEMP|SALINITY,RXO,0.0,
495f3e95640a4190a645d1573468c397,880,CAL|DT|GR|NPHI|PE|RHOB|RT|RXO|SP,BIT|TEMP|SALINITY,,0.0,
498a0b59772741b98e097fa40dd77078,1753,CAL|DT|GR|NPHI|PE|RHOB|RT|RXO|SP,BIT|TEMP|SALINITY,,0.0,
498f4a160f7f4b55b0612dc0aab4d869,483,CAL|DT|GR|NPHI|PE|RHOB|RT|RXO|SP,BIT|TEMP|SALINITY,,0.0,
49e8651c22cd4c34a383f0b95e3f0d2c,386,CAL|DT|GR|NPHI|PE|RHOB|RT|RXO|SP,BIT|TEMP|SALINITY,,0.0,Non-monotonic / reversed depth detected. Pervasive non-physical density-neutron separation.
4a22cdb58e7a48658c202066eac50392,378,CAL|DT|GR|NPHI|PE|RHOB|RT|RXO|SP,BIT|TEMP|SALINITY,,0.0,
4a6f361ce59541a0909cb6c6b5d594cb,801,CAL|DT|GR|NPHI|PE|RHOB|RT|SP,RXO|BIT|TEMP|SALINITY,,0.0,
4a86fdc7116d483293eab27839d0df90,611,CAL|DT|GR|NPHI|PE|RHOB|RT|RXO|SP,BIT|TEMP|SALINITY,,0.0,
4c086a70b71e44f083d84b5a556078b5,841,CAL|DT|GR|NPHI|PE|RHOB|RT|RXO|SP,BIT|TEMP|SALINITY,RXO|CAL,0.0,
4c1b4395b3ac4e14b03fab48ccc695f8,2076,CAL|DT|GR|NPHI|PE|RHOB|RT|RXO|SP,BIT|TEMP|SALINITY,,0.0,
4c8ee9cddce340dabfb3da822074d83b,606,CAL|DT|GR|NPHI|PE|RHOB|RXO|SP,RT|BIT|TEMP|SALINITY,,0.0,
4ca6531db71a47e5940fed23b91777dd,559,CAL|DT|GR|NPHI|PE|RHOB|RT|RXO|SP,BIT|TEMP|SALINITY,RXO|CAL,0.0,
4d0f6c870f3149e6a1887b0f96d50c56,1400,CAL|DT|GR|NPHI|PE|RHOB|RT|RXO|SP,BIT|TEMP|SALINITY,,0.0,
4d40338bdba64869b81e7902c063b8fc,588,CAL|DT|GR|NPHI|PE|RHOB|RT|RXO|SP,BIT|TEMP|SALINITY,RXO,0.0,
4d5a3587bae64d97b79fc5b42df73a07,399,CAL|DT|GR|NPHI|PE|RHOB|RT|RXO|SP,BIT|TEMP|SALINITY,,0.0,
4d62054a58df4d9abc18ad6b5998c8b0,394,CAL|DT|GR|NPHI|PE|RHOB|RT|RXO|SP,BIT|TEMP|SALINITY,CAL,0.0,
4e0238e587a64b268ac97999d9fdfe82,419,CAL|DT|GR|NPHI|PE|RHOB|RT|RXO|SP,BIT|TEMP|SALINITY,DT,0.0,Dead/constant primary curve(s): ['DT']
4e5e15a9d6074298a699df5f0480183d,1122,CAL|DT|GR|NPHI|PE|RHOB|RT|RXO|SP,BIT|TEMP|SALINITY,,0.0,
4e5f407c4cc34df69b41057ed8d1eb55,745,CAL|DT|GR|NPHI|PE|RHOB|RT|RXO|SP,BIT|TEMP|SALINITY,,0.0,
4e7b4589bb5941d2bb4a9aa9783ee247,916,BIT|CAL|DT|GR|NPHI|PE|RHOB|RT|RXO|SP,TEMP|SALINITY,RXO,0.116,
4e833a953f0042b18ee1367ea10f9630,706,CAL|DT|GR|NPHI|PE|RHOB|RT|RXO|SP,BIT|TEMP|SALINITY,,0.0,
4eba0de8fde14e248eb5151fadc6912a,649,CAL|DT|GR|NPHI|PE|RHOB|RT|RXO|SP,BIT|TEMP|SALINITY,RXO,0.0,
4ec72489709d4d5ebd41d6a840367871,333,CAL|DT|GR|NPHI|PE|RHOB|RT|RXO|SP,BIT|TEMP|SALINITY,RXO,0.0,
4f21e76230644c8a84e6b8cd65df7d1c,336,CAL|DT|GR|NPHI|PE|RHOB|RT|RXO|SP,BIT|TEMP|SALINITY,,0.0,
4f368356fa72492abb5119e83f97372b,651,CAL|DT|GR|NPHI|PE|RHOB|RT|RXO|SP,BIT|TEMP|SALINITY,RXO,0.0,
4f9ff3be3fed4df3af52078b74d232c6,929,CAL|DT|GR|NPHI|PE|RHOB|RT|RXO|SP,BIT|TEMP|SALINITY,,0.0,
4fd374b21c0145c7ae00d42c89595345,772,CAL|DT|GR|NPHI|PE|RHOB|RXO|SP,RT|BIT|TEMP|SALINITY,,0.0,Non-monotonic / reversed depth detected.
4fdf95e035f04abb833353067d29d6be,261,CAL|DT|GR|NPHI|PE|RHOB|RT|RXO|SP,BIT|TEMP|SALINITY,,0.0,
4ff18413882b4f7b9e353d1e37f81fdf,720,CAL|DT|GR|NPHI|PE|RHOB|RT|RXO|SP,BIT|TEMP|SALINITY,,0.0,
50aece47871b4721932e32d72c2cecf7,972,CAL|DT|GR|NPHI|PE|RHOB|RT|RXO|SP,BIT|TEMP|SALINITY,RXO,0.0,
51d67e83f6ca4d668fb9066d8e8d6009,394,CAL|DT|GR|NPHI|PE|RHOB|RT|RXO|SP,BIT|TEMP|SALINITY,,0.0,
52783ab017664d4cbf39dd34d8546232,1006,BIT|CAL|DT|GR|NPHI|PE|RHOB|RT|RXO|SP,TEMP|SALINITY,,0.123,
52f58fdc0c7c41bab346fb3e42a8b919,541,CAL|DT|GR|NPHI|PE|RHOB|RT|RXO|SP,BIT|TEMP|SALINITY,CAL,0.0,
539f2c800b114ba2b2fdf211c2eade04,228,CAL|DT|GR|NPHI|PE|RHOB|RT|RXO|SP,BIT|TEMP|SALINITY,,0.0,
53bca4d0836c4e0faf50675eecd55a04,476,CAL|DT|GR|NPHI|PE|RHOB|RT|RXO|SP,BIT|TEMP|SALINITY,,0.0,
5427837d8af9459c9c2dea9540763562,388,CAL|DT|GR|NPHI|PE|RHOB|RT|RXO|SP,BIT|TEMP|SALINITY,CAL,0.0,
542856545cc74971ab4a1b271a706d2a,439,CAL|DT|GR|NPHI|PE|RHOB|RT|RXO|SP,BIT|TEMP|SALINITY,RXO,0.0,
549df0e89dab4a2292bdf2c142fb9486,211,CAL|DT|GR|NPHI|PE|RHOB|RXO|SP,RT|BIT|TEMP|SALINITY,,0.0,Non-monotonic / reversed depth detected. Pervasive non-physical density-neutron separation.
54c1f8ba0cd2454ba58ed1093c7a8429,1035,CAL|DT|GR|NPHI|PE|RHOB|RT|RXO|SP,BIT|TEMP|SALINITY,,0.0,
552b4b4b5bff474293d9226c8af380c5,311,CAL|DT|GR|NPHI|PE|RHOB|RT|RXO|SP,BIT|TEMP|SALINITY,DT,0.0,Dead/constant primary curve(s): ['DT']
55c41398e72049708f03c2100ba39915,538,CAL|DT|GR|NPHI|PE|RHOB|RT|SP,RXO|BIT|TEMP|SALINITY,CAL,0.0,
55de7429048a480d9192606fca60884e,382,CAL|DT|GR|NPHI|PE|RHOB|RXO|SP,RT|BIT|TEMP|SALINITY,,0.0,
56a19b58cf5b4ae4882ef5d8ed75dd53,721,BIT|CAL|DT|GR|NPHI|PE|RHOB|RT|RXO|SP,TEMP|SALINITY,CAL,0.0,
56c5b84a2add4ec584d015e58a42ce39,423,CAL|DT|GR|NPHI|PE|RHOB|RT|RXO|SP,BIT|TEMP|SALINITY,,0.0,
57ae68e48f8c4a05985f35a415f1cb84,1211,CAL|DT|GR|NPHI|PE|RHOB|RT|RXO|SP,BIT|TEMP|SALINITY,,0.0,
57d3bfec47da45c7b3898f32332bc647,846,CAL|GR|NPHI|PE|RHOB|RT|RXO|SP,DT|BIT|TEMP|SALINITY,,0.0,
580878ae7d3b4a9b860bded4c109178a,1142,CAL|DT|GR|NPHI|PE|RHOB|RXO|SP,RT|BIT|TEMP|SALINITY,RXO|CAL,0.0,Non-monotonic / reversed depth detected. Pervasive non-physical density-neutron separation.
580a1915d0cd40358caf8aff73a84ca8,413,CAL|DT|GR|NPHI|PE|RHOB|RT|RXO|SP,BIT|TEMP|SALINITY,RXO,0.0,
5813ee6e470647cfaac17f00da75588a,1053,CAL|DT|GR|NPHI|PE|RHOB|RT|RXO|SP,BIT|TEMP|SALINITY,RXO|CAL,0.0,
584468aba38248759f0c1c655eba22ef,759,CAL|DT|GR|NPHI|PE|RHOB|RT|RXO|SP,BIT|TEMP|SALINITY,CAL,0.0,
597035d82cfe41faaebd924b13790157,311,BIT|CAL|DT|GR|NPHI|PE|RHOB|RT|RXO|SP,TEMP|SALINITY,RXO,0.177,
59b2f1d6ba034624a79f192c6be277a0,302,CAL|DT|GR|NPHI|PE|RHOB|RT|RXO|SP,BIT|TEMP|SALINITY,,0.0,
5a058a96ecea40979ba33cb5b6c1d4e1,913,CAL|DT|GR|NPHI|PE|RHOB|RT|RXO|SP,BIT|TEMP|SALINITY,,0.0,
5a1f27572e304c3580f9a587c080e8f7,1101,CAL|DT|GR|NPHI|PE|RHOB|RXO|SP,RT|BIT|TEMP|SALINITY,,0.0,
5a5bc1b1ec7a41f495f1872c851d19c0,296,CAL|DT|GR|NPHI|PE|RHOB|RT|RXO|SP,BIT|TEMP|SALINITY,DT|CAL,0.0,Dead/constant primary curve(s): ['DT']
5ab9bd5da7a3447a836707fd8a167bea,437,CAL|DT|GR|NPHI|PE|RHOB|RT|RXO|SP,BIT|TEMP|SALINITY,RXO,0.0,
5aeab6677fec456396735cafe67cf3d4,692,CAL|DT|GR|NPHI|PE|RHOB|RT|RXO|SALINITY|SP,BIT|TEMP,RXO,0.0,
5ba3e39a59ee49929bd438421204be20,233,CAL|DT|GR|NPHI|PE|RHOB|RT|RXO|SP,BIT|TEMP|SALINITY,RXO|CAL,0.0,
5ba66480b6fe4da2920b6226c07a8b3b,599,CAL|DT|GR|NPHI|PE|RHOB|RT|RXO|SP,BIT|TEMP|SALINITY,,0.0,
5bbe373bfd6c45419636f78b11132a4d,1197,CAL|DT|GR|NPHI|PE|RHOB|RT|RXO|SP,BIT|TEMP|SALINITY,,0.0,
5bc090d0b99144f388696d96f3ce4f90,707,CAL|DT|GR|NPHI|PE|RHOB|RT|RXO|SP,BIT|TEMP|SALINITY,CAL,0.0,
5c1b1ab940dd4d678a3e8172c959d169,908,CAL|GR|NPHI|PE|RHOB|RT|RXO|SP,DT|BIT|TEMP|SALINITY,,0.0,
5c6831af3d334e87b4464fbac45ab7fe,392,CAL|DT|GR|NPHI|PE|RHOB|RT|RXO|SP,BIT|TEMP|SALINITY,,0.0,
5ce87b43506346b6a94e20ba64e2ed93,1717,CAL|DT|GR|NPHI|PE|RHOB|RT|RXO|SP,BIT|TEMP|SALINITY,,0.0,
5cf62d76879f4c5d8dab9ecf3507fc84,47,CAL|DT|GR|NPHI|PE|RHOB|RT|RXO|SP,BIT|TEMP|SALINITY,RT,0.0,Dead/constant primary curve(s): ['RT']
5d3fc580b44b4ae5a5d7801c5d8888ca,961,CAL|DT|GR|NPHI|PE|RHOB|RT|RXO|SP,BIT|TEMP|SALINITY,RXO,0.0,
5de167660cc24edca73994c434f21321,561,CAL|DT|GR|NPHI|PE|RHOB|RT|RXO|SP,BIT|TEMP|SALINITY,CAL,0.0,Pervasive non-physical density-neutron separation.
5e57ba7cb843402a95f31e7f559d6a8c,396,CAL|DT|GR|NPHI|PE|RHOB|RT|RXO|SALINITY|SP,BIT|TEMP,,0.0,
5f496ea5da694214950e2091a6cf00c9,1111,CAL|DT|GR|NPHI|PE|RHOB|RT|RXO|SP,BIT|TEMP|SALINITY,,0.0,Non-monotonic / reversed depth detected. Pervasive non-physical density-neutron separation.
5fcc58da7f5844268fc6e014c94c9b65,1302,CAL|GR|NPHI|PE|RHOB|RT|RXO|SP,DT|BIT|TEMP|SALINITY,CAL,0.0,
6001c06ed5a640b79929ace7290a1175,678,CAL|DT|GR|NPHI|PE|RHOB|RT|RXO|SP,BIT|TEMP|SALINITY,RXO,0.0,
6041687b8ec940608547bcdcccbf005d,334,CAL|DT|GR|NPHI|PE|RHOB|RT|RXO|SP,BIT|TEMP|SALINITY,,0.0,
60c98f31baec4aad9e1222a464b317d1,742,CAL|DT|GR|NPHI|PE|RHOB|RT|SP,RXO|BIT|TEMP|SALINITY,,0.0,
611d0b610d91482db907dfd8a97999c1,934,CAL|DT|GR|NPHI|PE|RHOB|RT|RXO|SP,BIT|TEMP|SALINITY,CAL,0.0,
6148f8bdf2094c6abd3a70397cb07231,321,CAL|DT|GR|NPHI|PE|RHOB|RT|RXO|SP,BIT|TEMP|SALINITY,RXO,0.0,
61e37414cff24f0ba822aa2fcc3969b6,456,CAL|DT|GR|NPHI|PE|RHOB|RXO|SP,RT|BIT|TEMP|SALINITY,,0.0,
61fd8e88a5c14df1b220c525fc7c492c,417,CAL|DT|GR|NPHI|PE|RHOB|RXO|SP,RT|BIT|TEMP|SALINITY,,0.0,
62015f20333a43e591af13e66f9d02ce,797,CAL|DT|GR|NPHI|PE|RHOB|RT|RXO|SP,BIT|TEMP|SALINITY,RXO,0.0,
6253f321f65c41b1af1c3247f259bd4f,536,CAL|DT|GR|NPHI|PE|RHOB|RT|RXO|SP,BIT|TEMP|SALINITY,,0.0,
62e32941223743bbab32b0994bfe3ddd,801,CAL|DT|GR|NPHI|PE|RHOB|RT|RXO|SP,BIT|TEMP|SALINITY,,0.0,
6387711641ea47c2a643f5d0b187c8b4,1122,CAL|DT|GR|NPHI|PE|RHOB|RT|RXO|SALINITY|SP,BIT|TEMP,,0.0,
63a86acc883340639a64b1c40e76f9a2,339,CAL|DT|GR|NPHI|PE|RHOB|RT|RXO|SP,BIT|TEMP|SALINITY,RXO,0.0,
63aa4108bb7f4854ae176f6c049aa4ac,897,CAL|DT|GR|NPHI|PE|RHOB|RT|RXO|SP,BIT|TEMP|SALINITY,,0.0,
6402dc49685a4a4a91cd22d3f7a2b371,896,BIT|CAL|DT|GR|NPHI|PE|RHOB|RT|RXO|SALINITY|SP|TEMP,,,0.146,
644bd403a9654940a3ffee327be532fb,1371,CAL|DT|GR|NPHI|PE|RHOB|RT|RXO|SP,BIT|TEMP|SALINITY,RXO,0.0,
646402015f8b4a788c74ae3a0c731d96,570,CAL|DT|GR|NPHI|PE|RHOB|RT|RXO|SP,BIT|TEMP|SALINITY,RXO,0.0,
649ed8edc00441f592c5c2cd925be7a2,609,CAL|DT|GR|NPHI|PE|RHOB|RT|RXO|SP,BIT|TEMP|SALINITY,,0.0,
64e4f8ccf1c8453588866376dfc935b5,887,CAL|DT|GR|NPHI|PE|RHOB|RT|RXO|SP,BIT|TEMP|SALINITY,,0.0,
657d1a739faa4004a66285db8c8e49ec,992,CAL|DT|GR|NPHI|PE|RHOB|RT|RXO|SP,BIT|TEMP|SALINITY,,0.0,
659d56e6ad2b4a16a3e0178843c1feb5,1743,CAL|DT|GR|NPHI|PE|RHOB|RT|RXO|SP,BIT|TEMP|SALINITY,,0.0,
65fd04818b674ff3b9582c342a295ae3,1522,CAL|DT|GR|NPHI|PE|RHOB|RT|RXO|SP,BIT|TEMP|SALINITY,,0.0,
664dc7b84b3340b38ea0848eaaa45121,915,CAL|DT|GR|NPHI|PE|RHOB|RT|RXO|SP,BIT|TEMP|SALINITY,,0.0,
66994dcf53a44af5bf2d9900afde905a,1281,CAL|DT|GR|NPHI|PE|RHOB|RT|RXO|SP,BIT|TEMP|SALINITY,CAL,0.0,
66a8190e6d374fd882a13e54bf5aae98,950,CAL|DT|GR|NPHI|PE|RHOB|RT|RXO|SP,BIT|TEMP|SALINITY,,0.0,
66d670bb1c52489b8e300060ca40bfc6,981,CAL|DT|GR|NPHI|PE|RHOB|RT|RXO|SP,BIT|TEMP|SALINITY,,0.0,
66ed2ca2f9e5451395d67f12ca00564c,634,CAL|DT|GR|NPHI|PE|RHOB|RT|RXO|SP,BIT|TEMP|SALINITY,DT,0.0,Dead/constant primary curve(s): ['DT']
6724b5d5cac440418e54a451c33ff1c3,711,CAL|DT|GR|NPHI|PE|RHOB|RT|RXO|SP,BIT|TEMP|SALINITY,,0.0,
67727a7b84d8479da3ce84c19b9e0341,302,CAL|DT|GR|NPHI|PE|RHOB|RT|RXO|SP,BIT|TEMP|SALINITY,,0.0,
677c30fcaac54bfc840aedb0e209f3a1,885,CAL|DT|GR|NPHI|PE|RHOB|RXO|SP,RT|BIT|TEMP|SALINITY,,0.0,
67f3a97e674d4c2a80c0b2b27e20fbe2,1234,CAL|DT|GR|NPHI|PE|RHOB|RT|SP,RXO|BIT|TEMP|SALINITY,,0.0,
68e810375d1449fba91f9c65933a9709,549,CAL|DT|GR|NPHI|PE|RHOB|RT|RXO|SP,BIT|TEMP|SALINITY,,0.0,
690c9f8cc0d7411e87cc78d3f46643f1,844,CAL|DT|GR|NPHI|PE|RHOB|RT|RXO|SP,BIT|TEMP|SALINITY,,0.0,
694e0d0be3de4ec5bdd9f30732acc196,357,CAL|DT|GR|NPHI|PE|RHOB|RT|RXO|SALINITY|SP,BIT|TEMP,RXO,0.0,
69b5a2341d5f4b2095cdec434860e8ce,760,CAL|DT|GR|NPHI|PE|RHOB|RT|RXO|SP,BIT|TEMP|SALINITY,,0.0,
69caf4245971407c9aa6f3ce57961629,929,CAL|DT|GR|NPHI|PE|RHOB|RT|RXO|SP,BIT|TEMP|SALINITY,,0.0,
69f6c904ae8c4b83a4cec49f3f806bac,277,CAL|DT|GR|NPHI|PE|RHOB|RT|RXO|SP,BIT|TEMP|SALINITY,,0.0,
6b248910e02a411c8f460ce76957f035,434,CAL|DT|GR|NPHI|PE|RHOB|RT|RXO|SP|TEMP,BIT|SALINITY,,0.0,
6b2ba1842a224d9eb5718401525ae7f7,917,CAL|GR|NPHI|PE|RHOB|RT|RXO|SALINITY|SP|TEMP,DT|BIT,RXO|CAL,0.0,
6b6247d738db40859f689615c36e1517,728,CAL|DT|GR|NPHI|PE|RHOB|RT|SP,RXO|BIT|TEMP|SALINITY,,0.0,Non-monotonic / reversed depth detected.
6d8ddf0099f0436a8bc068ece3a68517,1354,CAL|DT|GR|NPHI|PE|RHOB|RT|RXO|SP,BIT|TEMP|SALINITY,,0.0,
6d9eba32ed7d48efaf0f7d649c17ec8a,1110,CAL|DT|GR|NPHI|PE|RHOB|RT|RXO|SP,BIT|TEMP|SALINITY,,0.0,
6de968567d204c36880503c0276e5935,726,CAL|DT|GR|NPHI|PE|RHOB|RT|RXO|SP,BIT|TEMP|SALINITY,RXO,0.0,
6e0d172eddcb40edae1cdafa223f5e02,284,CAL|GR|NPHI|PE|RHOB|RT|RXO|SP,DT|BIT|TEMP|SALINITY,,0.0,
6e96490441444631a1c8ec7c6c41a71f,873,CAL|DT|GR|NPHI|PE|RHOB|RT|RXO|SP,BIT|TEMP|SALINITY,RXO,0.0,
6eff62d89280468489074cfa7ebe76ff,908,CAL|DT|GR|NPHI|PE|RHOB|RT|RXO|SP,BIT|TEMP|SALINITY,RXO|CAL,0.0,
6f27aa98a82c4bb58b1125c2d4da24e5,555,CAL|DT|GR|NPHI|PE|RHOB|RT|RXO|SALINITY|SP|TEMP,BIT,CAL,0.0,
6f2b992307834b9aa68ccc90a5abff0e,2361,BIT|DT|GR|NPHI|PE|RHOB|RT|RXO|SP,CAL|TEMP|SALINITY,,0.0,
6fbdd8ffe8f444d7b7338764d20a5c98,564,BIT|CAL|DT|GR|NPHI|PE|RHOB|RT|RXO|SP,TEMP|SALINITY,,0.127,
7025805b33374f0681afe8cbd53ccd41,733,CAL|DT|GR|NPHI|PE|RHOB|RT|RXO|SP,BIT|TEMP|SALINITY,,0.0,
70507a3c6850452bb65eff7a893cbde5,1143,CAL|DT|GR|NPHI|PE|RHOB|RT|RXO|SP,BIT|TEMP|SALINITY,,0.0,
70ba73f530784082a18b30f072acf765,592,CAL|DT|GR|NPHI|PE|RHOB|RT|RXO|SP,BIT|TEMP|SALINITY,CAL,0.0,
70e179d08bd04b34ab197839ada14bc5,524,CAL|DT|GR|NPHI|PE|RHOB|RT|SP|TEMP,RXO|BIT|SALINITY,,0.0,
711c6956c7684f66858370aa3f1f7920,495,CAL|DT|GR|NPHI|PE|RHOB|RT|RXO|SP,BIT|TEMP|SALINITY,,0.0,
711f3ee479f949f8afa0affeecda884d,408,CAL|DT|GR|NPHI|PE|RHOB|RT|RXO|SP,BIT|TEMP|SALINITY,,0.0,
714d794f9fba4e75b37d674b36806b5c,457,CAL|DT|GR|NPHI|PE|RHOB|RT|RXO|SP,BIT|TEMP|SALINITY,RXO|CAL,0.0,
7159d21d35a644d78ea96ac19f49b47c,471,CAL|DT|GR|NPHI|PE|RHOB|RT|RXO|SP,BIT|TEMP|SALINITY,,0.0,
71b9c71536c2440c82d6eca5a035bc73,1480,CAL|DT|GR|NPHI|PE|RHOB|RT|RXO|SP,BIT|TEMP|SALINITY,CAL,0.0,
71c8e8b3c5764cad8dabd74399406254,287,CAL|DT|GR|NPHI|PE|RHOB|RT|RXO|SP,BIT|TEMP|SALINITY,DT,0.0,Dead/constant primary curve(s): ['DT']
72134cf142ce4570b6c9dd07093ddaa1,688,CAL|DT|GR|NPHI|PE|RHOB|RT|RXO|SP,BIT|TEMP|SALINITY,,0.0,
7405be281326458086ae2b06b4138d45,598,CAL|DT|GR|NPHI|PE|RHOB|RT|RXO|SP,BIT|TEMP|SALINITY,CAL,0.0,
744e31a4d43a419ca3e777ebb4bbb3eb,388,CAL|DT|GR|NPHI|PE|RHOB|RT|RXO|SP,BIT|TEMP|SALINITY,,0.0,
7469d6dc462a4929b9881fd429ca163e,504,CAL|DT|GR|NPHI|PE|RHOB|RT|RXO|SP,BIT|TEMP|SALINITY,,0.0,
7485491f4add4249b731b80c4321f849,486,CAL|DT|GR|NPHI|PE|RHOB|RT|RXO|SP,BIT|TEMP|SALINITY,CAL,0.0,
74afb3fc3c1e4d5ba9c68eeaf4256f22,1260,CAL|DT|GR|NPHI|PE|RHOB|RT|RXO|SP,BIT|TEMP|SALINITY,,0.0,
74db524c584d40e4abfe9a9e4126f33b,445,CAL|DT|GR|NPHI|PE|RHOB|RT|RXO|SP,BIT|TEMP|SALINITY,,0.0,
751ea7d213bf4e21b7d7757d65440cb0,271,CAL|DT|GR|NPHI|PE|RHOB|RXO|SP,RT|BIT|TEMP|SALINITY,CAL,0.0,
75365fe5896143f29a864c5b1011261f,313,CAL|DT|GR|NPHI|PE|RHOB|RT|RXO|SP,BIT|TEMP|SALINITY,,0.0,
759c85b114444c8aa404264f50bb5e80,681,CAL|DT|GR|NPHI|PE|RHOB|RXO|SP,RT|BIT|TEMP|SALINITY,,0.0,
767ebdeae1304eb88948607046e7c3e4,305,CAL|DT|GR|NPHI|PE|RHOB|RT|RXO|SALINITY|SP,BIT|TEMP,CAL,0.0,
7793cf107fb24b25a6e0d412b742505a,819,CAL|DT|GR|NPHI|PE|RHOB|RT|RXO|SP,BIT|TEMP|SALINITY,CAL,0.0,
77a4d3c6db2b44d99d7a40a73901ead1,987,CAL|DT|GR|NPHI|PE|RHOB|RT|RXO|SP|TEMP,BIT|SALINITY,,0.0,
7801cbc7f02d46b29a2481ab87c61a14,1272,BIT|CAL|DT|GR|NPHI|PE|RHOB|RT|RXO|SALINITY|SP,TEMP,RXO,0.095,Non-monotonic / reversed depth detected. Pervasive non-physical density-neutron separation.
793ca42a450e411da150ae1a9f1b0d3c,874,CAL|DT|GR|NPHI|PE|RHOB|RT|RXO|SP,BIT|TEMP|SALINITY,,0.0,
795d056ed75a4638afc7205f2d1ae0a2,343,CAL|DT|GR|NPHI|PE|RHOB|RT|RXO|SP,BIT|TEMP|SALINITY,RXO|CAL,0.0,
79653a8c36454549bc6ffae009d86773,1715,CAL|DT|GR|NPHI|PE|RHOB|RT|RXO|SP,BIT|TEMP|SALINITY,,0.0,
799a71d81ba640b2ab0c853186755792,438,CAL|DT|GR|NPHI|PE|RHOB|RT|RXO|SP,BIT|TEMP|SALINITY,RXO,0.0,
79e991ba37f74e228cde0aac59ddcc90,129,CAL|DT|GR|NPHI|PE|RHOB|RT|RXO|SP,BIT|TEMP|SALINITY,,0.0,
7a7e4b78a0c84c2bb8aa18d9dc347735,469,CAL|DT|GR|NPHI|PE|RHOB|RT|RXO|SP,BIT|TEMP|SALINITY,,0.0,
7adabf03f8534bf68765d69b635e2f0f,456,CAL|DT|GR|NPHI|PE|RHOB|RT|RXO|SP|TEMP,BIT|SALINITY,,0.0,
7b40dad206a945ae939590ab2ecbdb12,1540,CAL|DT|GR|NPHI|PE|RHOB|RT|RXO|SP,BIT|TEMP|SALINITY,,0.0,
7b53af6b43f2472ca050cf8e87461c8b,511,CAL|DT|GR|NPHI|PE|RHOB|RT|RXO|SP,BIT|TEMP|SALINITY,,0.0,
7b964aa8d0bf49faa2bc24edfcfb630e,868,CAL|DT|GR|NPHI|PE|RHOB|RT|RXO|SP,BIT|TEMP|SALINITY,,0.0,
7bb144bc545b49b489f1901ff410f9a2,498,CAL|DT|GR|NPHI|PE|RHOB|RT|RXO|SP,BIT|TEMP|SALINITY,,0.0,
7bbec0f9363a40f0afe6a68f09d42dce,886,CAL|DT|GR|NPHI|PE|RHOB|RT|RXO|SP,BIT|TEMP|SALINITY,,0.0,
7bcefca6719c40cfb2ae619725b7b304,877,CAL|DT|GR|NPHI|PE|RHOB|RT|RXO|SP,BIT|TEMP|SALINITY,,0.0,
7be10a7ff6e24e4f9803fa0742c91c68,1583,CAL|DT|GR|NPHI|PE|RHOB|RT|RXO|SP,BIT|TEMP|SALINITY,,0.0,
7c2c508766b946bda6131cb5ad981c23,580,CAL|DT|GR|NPHI|PE|RHOB|RT|RXO|SP,BIT|TEMP|SALINITY,CAL,0.0,
7cf6f7f9bcf0462bb31cafb795406bda,552,CAL|DT|GR|NPHI|PE|RHOB|RT|RXO|SP,BIT|TEMP|SALINITY,,0.0,
7d2cd7cab9d841ce9433e010585f33d2,266,CAL|DT|GR|NPHI|PE|RHOB|RT|RXO|SALINITY|SP|TEMP,BIT,,0.0,
7d3cbd680e4c498c947ade2eb9ee0359,833,CAL|DT|GR|NPHI|PE|RHOB|RT|RXO|SP|TEMP,BIT|SALINITY,,0.0,
7da5e100b6124ad8a0262ce79cbb0d5a,628,CAL|DT|GR|NPHI|PE|RHOB|RT|RXO|SP,BIT|TEMP|SALINITY,,0.0,Non-monotonic / reversed depth detected.
7dcae6b79ac84176a82f4725f02079fa,439,CAL|DT|GR|NPHI|PE|RHOB|RT|RXO|SP,BIT|TEMP|SALINITY,RXO,0.0,
7eacc63c466c42238199c258289f7023,1468,CAL|DT|GR|NPHI|PE|RHOB|RT|RXO|SP,BIT|TEMP|SALINITY,,0.0,
7eae21206de6493386aa9ee9c4a09b68,623,CAL|DT|GR|NPHI|PE|RHOB|RT|RXO|SP,BIT|TEMP|SALINITY,,0.0,Non-monotonic / reversed depth detected.
7f5968bc6a374a42af17251cc7fcdbff,340,CAL|DT|GR|NPHI|PE|RHOB|RT|RXO|SP,BIT|TEMP|SALINITY,CAL,0.0,
7f7fd5accd1146558e521ff393ee34c2,1152,CAL|DT|GR|NPHI|PE|RHOB|RT|RXO|SALINITY|SP,BIT|TEMP,,0.0,
805e216becfb4c13a0fca5085bf57f3d,515,CAL|DT|GR|NPHI|PE|RHOB|RT|RXO|SP,BIT|TEMP|SALINITY,,0.0,
808d741861b242c39d1acf866eb9dc9f,553,CAL|DT|GR|NPHI|PE|RHOB|RT|RXO|SP,BIT|TEMP|SALINITY,RXO,0.0,
8123dd70a6314b6aae42f6de34902eb0,502,CAL|DT|GR|NPHI|PE|RHOB|RT|RXO|SP,BIT|TEMP|SALINITY,,0.0,
818bf7b67ef541cfa3e625cbe4cdffb0,996,CAL|DT|GR|NPHI|PE|RHOB|RT|RXO|SP,BIT|TEMP|SALINITY,RXO,0.0,
81b5dc9199ca434cb8add24404ca6edf,1412,CAL|DT|GR|NPHI|PE|RHOB|RT|SP,RXO|BIT|TEMP|SALINITY,,0.0,
823e4689ce9b41ec9376ca9c1c0a4d0e,505,CAL|DT|GR|NPHI|PE|RHOB|RT|RXO|SP,BIT|TEMP|SALINITY,,0.0,
828473f9a393442c935c7177f065b632,982,CAL|DT|GR|NPHI|PE|RHOB|RT|RXO|SP,BIT|TEMP|SALINITY,RXO,0.0,Non-monotonic / reversed depth detected.
8290ba756cc54703b8a687cd7d945b18,184,CAL|DT|GR|NPHI|PE|RHOB|RT|RXO|SP,BIT|TEMP|SALINITY,RXO,0.0,Non-monotonic / reversed depth detected. Pervasive non-physical density-neutron separation.
82b88d129a9c4bab815831863cf87211,892,CAL|DT|GR|NPHI|PE|RHOB|RT|RXO|SALINITY|SP,BIT|TEMP,,0.0,
82b9baf59f84471ea4f39aa71cb67d49,1263,CAL|DT|GR|NPHI|PE|RHOB|RXO|SP,RT|BIT|TEMP|SALINITY,,0.0,
82dc3f19692645bf97d0d3e8c640af14,853,CAL|DT|GR|NPHI|PE|RHOB|RXO|SP,RT|BIT|TEMP|SALINITY,,0.0,
83bc5727d821493da09e8887373a8e86,636,BIT|CAL|DT|GR|NPHI|PE|RHOB|RT|RXO|SALINITY|SP,TEMP,,0.104,
83f204704cd041279f697d51b9ded9a0,607,CAL|DT|GR|NPHI|PE|RHOB|RT|RXO|SP,BIT|TEMP|SALINITY,,0.0,
83fd2e7dc9dc4a2b8600d4628595cd60,581,CAL|DT|GR|NPHI|PE|RHOB|RT|RXO|SP,BIT|TEMP|SALINITY,CAL,0.0,
84a1d803f460421d861d7abf1acd5130,548,CAL|DT|GR|NPHI|PE|RHOB|RT|RXO|SP,BIT|TEMP|SALINITY,,0.0,
84ca01c4e95b4b19b752915c6d486abe,496,CAL|DT|GR|NPHI|PE|RHOB|RT|RXO|SP,BIT|TEMP|SALINITY,,0.0,
8527651d6336490e989e84514eada34b,441,CAL|DT|GR|NPHI|PE|RHOB|RXO|SP,RT|BIT|TEMP|SALINITY,RXO,0.0,
8560f50b32dc45c6889aac5ad43dbc25,302,CAL|DT|GR|NPHI|PE|RHOB|RT|RXO|SALINITY|SP,BIT|TEMP,CAL,0.0,Non-monotonic / reversed depth detected.
858af715a32a4ecfa0af5178c6670c5f,723,CAL|DT|GR|NPHI|PE|RHOB|RT|RXO|SALINITY|SP,BIT|TEMP,,0.0,
85f7686a35b14fffa6af690a94f7d603,170,CAL|DT|GR|NPHI|PE|RHOB|RT|RXO|SP,BIT|TEMP|SALINITY,RXO,0.0,
86180afe35394d7dbd09b696ca93ed95,822,CAL|DT|GR|NPHI|PE|RHOB|RT|RXO|SP,BIT|TEMP|SALINITY,CAL,0.0,
876318afee794392b4c68e75315c610e,337,CAL|DT|GR|NPHI|PE|RHOB|RT|RXO|SP,BIT|TEMP|SALINITY,CAL,0.0,
87650c3c40f844a3b4c6a83488b1634a,268,CAL|DT|GR|NPHI|PE|RHOB|RT|RXO|SP,BIT|TEMP|SALINITY,RXO,0.0,
877c8e4acda041fab891b3b63bf0b315,1304,CAL|DT|GR|NPHI|PE|RHOB|RT|SP,RXO|BIT|TEMP|SALINITY,,0.0,
87fecbec98c04858a264566508d8288e,309,CAL|GR|NPHI|PE|RHOB|RXO|SP,DT|RT|BIT|TEMP|SALINITY,,0.0,
881938024e424ca5bad68e59aaa1bc1f,489,CAL|DT|GR|NPHI|PE|RHOB|RXO|SP,RT|BIT|TEMP|SALINITY,,0.0,
8854657aaa564d119d83a43683a62b9a,597,CAL|DT|GR|NPHI|PE|RHOB|RT|SP,RXO|BIT|TEMP|SALINITY,CAL,0.0,
88c74b463cec4dfb905ae3fa1278dd29,1321,CAL|DT|GR|NPHI|PE|RHOB|RXO|SP,RT|BIT|TEMP|SALINITY,,0.0,
89256da6f65347c896240bc5df6e3f91,813,CAL|DT|GR|NPHI|PE|RHOB|RT|RXO|SP,BIT|TEMP|SALINITY,,0.0,
89450217f0bf4a2283fffef463075366,1163,CAL|DT|GR|NPHI|PE|RHOB|RT|RXO|SP,BIT|TEMP|SALINITY,,0.0,
89494fdbeb9141f0b68657063292ca51,1446,CAL|DT|GR|NPHI|PE|RHOB|RT|RXO|SP,BIT|TEMP|SALINITY,,0.0,
8952f80d33dd4ae89b5e5401f0e4e358,637,BIT|CAL|DT|GR|NPHI|PE|RHOB|RT|RXO|SP,TEMP|SALINITY,RXO,0.121,
89a88982f6b0403498073e64ae5a6498,315,CAL|DT|GR|NPHI|PE|RHOB|RT|RXO|SP,BIT|TEMP|SALINITY,,0.0,
8a684971d7494407bb79a3964bfac88a,171,CAL|DT|GR|NPHI|PE|RHOB|RT|RXO|SP,BIT|TEMP|SALINITY,,0.0,
8a714176c3e44b0ea8bf6ba928a38185,1039,CAL|DT|GR|NPHI|PE|RHOB|RT|RXO|SP,BIT|TEMP|SALINITY,,0.0,
8a72ee592ca74c9b8ee59e06e954f8f0,732,CAL|DT|GR|NPHI|PE|RHOB|RT|RXO|SP,BIT|TEMP|SALINITY,,0.0,
8a797252026646ae834dea41b42366c3,530,CAL|DT|GR|NPHI|PE|RHOB|RT|RXO|SP,BIT|TEMP|SALINITY,CAL,0.0,
8c190a4a479e4bc2b7119488ba11d79b,516,CAL|DT|GR|NPHI|PE|RHOB|RT|RXO|SP,BIT|TEMP|SALINITY,RXO,0.0,
8c4ebbc892ee48ab888c12e097828554,663,CAL|DT|GR|NPHI|PE|RHOB|RXO|SP,RT|BIT|TEMP|SALINITY,,0.0,
8c9c30fd606e4af5a20ccc7c4d31c0e8,360,CAL|DT|GR|NPHI|PE|RHOB|RT|RXO|SP,BIT|TEMP|SALINITY,RXO,0.0,Pervasive non-physical density-neutron separation.
8d00d28949324c9a86e20db0f55006f3,258,CAL|DT|GR|NPHI|PE|RHOB|RT|RXO|SP,BIT|TEMP|SALINITY,,0.0,
8d12c9a7a436418e8dd3670223c5bc8b,514,CAL|DT|GR|NPHI|PE|RHOB|RT|RXO|SP,BIT|TEMP|SALINITY,,0.0,Pervasive non-physical density-neutron separation.
8d40a640d18c40b9bd47cd0980e6c7e4,773,CAL|DT|GR|NPHI|PE|RHOB|RT|RXO|SP,BIT|TEMP|SALINITY,,0.0,
8d4944290cfe4370a7ae913decbf6bb4,1474,CAL|DT|GR|NPHI|PE|RHOB|RT|SP,RXO|BIT|TEMP|SALINITY,,0.0,
8d57188741134144a200721a1edd8f78,189,CAL|DT|GR|NPHI|PE|RHOB|RT|RXO|SP,BIT|TEMP|SALINITY,RXO,0.0,Non-monotonic / reversed depth detected.
8dc2832dbb3b44c2927fa6c7dab732f3,216,CAL|DT|GR|NPHI|PE|RHOB|RT|RXO|SP,BIT|TEMP|SALINITY,RXO|CAL,0.0,
8e2d55fd74694adf959871faa86fcc00,1288,CAL|DT|GR|NPHI|PE|RHOB|RT|RXO|SP,BIT|TEMP|SALINITY,CAL,0.0,
8e68dae41fac463aaa794c8ae83b37c2,663,CAL|DT|GR|NPHI|PE|RHOB|RT|RXO|SP,BIT|TEMP|SALINITY,,0.0,
8e9cef66b8bc411b97488227a7877bf0,1059,BIT|CAL|DT|GR|NPHI|PE|RHOB|RT|RXO|SP,TEMP|SALINITY,,0.115,
8eda5182c4e549778297f6d35aa7845f,725,CAL|DT|GR|NPHI|PE|RHOB|RT|RXO|SP,BIT|TEMP|SALINITY,,0.0,
8f9f3038baee46cbaf8320876f96cfc1,632,CAL|DT|GR|NPHI|PE|RHOB|RT|RXO|SP,BIT|TEMP|SALINITY,RXO,0.0,
900d6df759c44f4aa5c141879346a0fe,324,CAL|DT|GR|NPHI|PE|RHOB|RT|RXO|SP,BIT|TEMP|SALINITY,,0.0,
903f9bb045c340199157c6771277b7d8,937,CAL|DT|GR|NPHI|PE|RHOB|RT|RXO|SP,BIT|TEMP|SALINITY,CAL,0.0,
905fd485c2c24868ab120044ff5b9f34,261,CAL|DT|GR|NPHI|PE|RHOB|RT|RXO|SP,BIT|TEMP|SALINITY,,0.0,Non-monotonic / reversed depth detected.
90766d71506a4d05943bc9088e1778c4,243,CAL|DT|GR|NPHI|PE|RHOB|RT|RXO|SP,BIT|TEMP|SALINITY,RXO|CAL,0.0,
908108bbe27944caa52725be57dedd41,116,CAL|GR|NPHI|PE|RHOB|RT|RXO|SP,DT|BIT|TEMP|SALINITY,RXO|CAL,0.0,
909ff1c56be54456a93755cf30ca5daa,1047,CAL|DT|GR|NPHI|PE|RHOB|RT|RXO|SP,BIT|TEMP|SALINITY,,0.0,
90e2c31854a54b40b092144a15b3d7ff,622,CAL|DT|GR|NPHI|PE|RHOB|RT|RXO|SP,BIT|TEMP|SALINITY,RXO,0.0,
91564ccaab1345f19bb5c2d4ce845ec5,282,CAL|DT|GR|NPHI|PE|RHOB|RT|RXO|SALINITY|SP,BIT|TEMP,,0.0,
91600b5bfe814aaa9ff7736db94d3878,618,CAL|DT|GR|NPHI|PE|RHOB|RT|RXO|SP,BIT|TEMP|SALINITY,,0.0,
91962be3095845ed97e0199b3f0c2446,465,CAL|DT|GR|NPHI|PE|RHOB|RXO|SP,RT|BIT|TEMP|SALINITY,DT,0.0,Dead/constant primary curve(s): ['DT']
92683076debb4cb7a880bce3115aa783,314,CAL|DT|GR|NPHI|PE|RHOB|RT|RXO|SP,BIT|TEMP|SALINITY,RXO,0.0,
929a8b56055242d1a478e9686eeb500d,481,CAL|DT|GR|NPHI|PE|RHOB|RT|RXO|SP,BIT|TEMP|SALINITY,,0.0,
92f6f4312ffe44b99dbe7c9611443bc4,1272,CAL|DT|GR|NPHI|PE|RHOB|RT|RXO|SP,BIT|TEMP|SALINITY,,0.0,
93258a8220514a6e84efbce07f5b20a6,1150,CAL|DT|GR|NPHI|PE|RHOB|RT|RXO|SP,BIT|TEMP|SALINITY,CAL,0.0,
9336a5b2827143368634523d62391d96,1494,CAL|DT|GR|NPHI|PE|RHOB|RT|RXO|SP,BIT|TEMP|SALINITY,,0.0,
937471db8af84267b3cafafa49ff5cb7,335,CAL|DT|GR|NPHI|PE|RHOB|RT|RXO|SP,BIT|TEMP|SALINITY,CAL,0.0,
9374f1aabd0d4c5ab65bfcfe0f85e1ab,320,CAL|DT|GR|NPHI|PE|RHOB|RT|RXO|SP,BIT|TEMP|SALINITY,,0.0,
93c0eaca1dc04ac4b8551a9095827645,1126,CAL|DT|GR|NPHI|PE|RHOB|RT|RXO|SP|TEMP,BIT|SALINITY,,0.0,
9442ef2e2bd74da8aa05939aacee6d13,381,CAL|DT|GR|NPHI|PE|RHOB|RT|RXO|SP,BIT|TEMP|SALINITY,,0.0,
946558f722d24a6f879fb967cef5054f,432,CAL|DT|GR|NPHI|PE|RHOB|RT|RXO|SP,BIT|TEMP|SALINITY,,0.0,
94aa46c74aa14b54b8e52d170f848b45,751,CAL|GR|NPHI|PE|RHOB|RT|RXO|SP,DT|BIT|TEMP|SALINITY,,0.0,Non-monotonic / reversed depth detected.
94afdb4ea7d143b68059b30d3bfaab1a,449,CAL|DT|GR|NPHI|PE|RHOB|RT|RXO|SP,BIT|TEMP|SALINITY,,0.0,
94e1fca20c4741099162ce7e867eb8df,1767,CAL|DT|GR|NPHI|PE|RHOB|RT|RXO|SP,BIT|TEMP|SALINITY,,0.0,
95ebc9a5921a41e79cfd5fae3e5e2789,639,CAL|DT|GR|NPHI|PE|RHOB|RT|RXO|SP,BIT|TEMP|SALINITY,,0.0,
96119ba902094fcfa17d764ad1176dbf,270,CAL|DT|GR|NPHI|PE|RHOB|RT|RXO|SP,BIT|TEMP|SALINITY,RXO|CAL,0.0,
9619ae3f5756441880486688f02c447b,1058,CAL|DT|GR|NPHI|PE|RHOB|RT|RXO|SP,BIT|TEMP|SALINITY,,0.0,
96cfb7375392410c91bc8677eaaa3bfc,885,CAL|DT|GR|NPHI|PE|RHOB|RT|RXO|SP,BIT|TEMP|SALINITY,,0.0,
9710ad84d3344403ad1d5bcf0dd97b86,548,CAL|DT|GR|NPHI|PE|RHOB|RT|RXO|SP,BIT|TEMP|SALINITY,,0.0,
9712423502314bff87aabfc423210e70,609,CAL|DT|GR|NPHI|PE|RHOB|RT|RXO|SALINITY|SP,BIT|TEMP,,0.0,
971c3664e4af4d0191c677355d6ea76e,1032,CAL|DT|GR|NPHI|PE|RHOB|RT|RXO|SP,BIT|TEMP|SALINITY,RXO,0.0,
973d1b7e559b482fb906dd9bf550cd33,410,CAL|DT|GR|NPHI|PE|RHOB|RT|RXO|SP,BIT|TEMP|SALINITY,,0.0,
97c36c0b1d1945bfba8e053809101906,800,CAL|DT|GR|NPHI|PE|RHOB|RXO|SP,RT|BIT|TEMP|SALINITY,,0.0,
98a954e064214add831ba4749a3c7296,711,CAL|DT|GR|NPHI|PE|RHOB|RXO|SP,RT|BIT|TEMP|SALINITY,,0.0,
98aa171bfabc4404a601d4ccee30547e,1154,CAL|DT|GR|NPHI|PE|RHOB|RT|RXO|SP,BIT|TEMP|SALINITY,,0.0,
99d401e61226485d87b7823f7a8bc480,454,BIT|CAL|DT|GR|NPHI|PE|RHOB|RT|RXO|SALINITY|SP,TEMP,,0.116,
9aa9c39a089945c497f1939d80d1692e,1279,CAL|DT|GR|NPHI|PE|RHOB|RT|RXO|SP,BIT|TEMP|SALINITY,RXO,0.0,
9ad37eadb773417193123801d335006c,470,CAL|DT|GR|NPHI|PE|RHOB|RT|RXO|SP,BIT|TEMP|SALINITY,,0.0,
9b5d3dd783e54e4ea2d429c6fce0916c,340,BIT|CAL|DT|GR|NPHI|PE|RHOB|RT|RXO|SALINITY|SP|TEMP,,,0.129,
9b9966503bb3493fa6b1954015600a63,317,CAL|DT|GR|NPHI|PE|RHOB|RT|RXO|SP,BIT|TEMP|SALINITY,,0.0,
9bdb942bb29a49bc892003d60b26b340,1275,CAL|DT|GR|NPHI|PE|RHOB|RT|RXO|SP,BIT|TEMP|SALINITY,,0.0,
9c12cfcda50a44458d1a0649aad4191f,957,CAL|DT|GR|NPHI|PE|RHOB|RT|RXO|SP,BIT|TEMP|SALINITY,,0.0,
9c6f43f15d244502a35831ede7e58d29,1206,CAL|DT|GR|NPHI|PE|RHOB|RXO|SP,RT|BIT|TEMP|SALINITY,RXO,0.0,Non-monotonic / reversed depth detected. Pervasive non-physical density-neutron separation.
9ca4c9a19aed4960be08aaadad293e43,745,CAL|DT|GR|NPHI|PE|RHOB|RT|RXO|SP,BIT|TEMP|SALINITY,RXO|CAL,0.0,
9cb99c1d34d443ac97e92d706b4e05ca,387,CAL|DT|GR|NPHI|PE|RHOB|RT|RXO|SP,BIT|TEMP|SALINITY,,0.0,
9cde2712a4b84972b695628912fa93b6,1206,CAL|DT|GR|NPHI|PE|RHOB|RT|RXO|SP,BIT|TEMP|SALINITY,,0.0,
9d2b909d12094dcc9d85675c1e3acb52,306,CAL|GR|NPHI|PE|RHOB|RT|RXO|SP,DT|BIT|TEMP|SALINITY,RXO,0.0,
9d3773700e304fa69afbc87b592665c3,1928,CAL|DT|GR|NPHI|PE|RHOB|RT|RXO|SP,BIT|TEMP|SALINITY,,0.0,Non-monotonic / reversed depth detected.
9d3d8e598c0f4528b7b7324503f4556c,677,CAL|DT|GR|NPHI|PE|RHOB|RT|SALINITY|SP,RXO|BIT|TEMP,,0.0,
9f1930361439466e8a2d227cf700860b,1030,BIT|CAL|DT|GR|NPHI|PE|RHOB|RT|RXO|SP,TEMP|SALINITY,,0.124,
9f45e20d5f0a4ace82d5f28617f76080,291,CAL|DT|GR|NPHI|PE|RHOB|RT|RXO|SP,BIT|TEMP|SALINITY,RXO,0.0,
9f67d2a0837848f8879901fcc8555da7,616,CAL|DT|GR|NPHI|PE|RHOB|RT|RXO|SP|TEMP,BIT|SALINITY,CAL,0.0,
9f932f90e3684011ad32261d50ed82d5,607,CAL|DT|GR|NPHI|PE|RHOB|RT|RXO|SP,BIT|TEMP|SALINITY,,0.0,
9fc86c3b4c4741f389afefe1d9c9a2d3,835,CAL|DT|GR|NPHI|PE|RHOB|RT|RXO|SP|TEMP,BIT|SALINITY,RXO,0.0,Non-monotonic / reversed depth detected. Pervasive non-physical density-neutron separation.
9fdd132450e64b77984c4e4588e079be,555,CAL|DT|GR|NPHI|PE|RHOB|RT|RXO|SP,BIT|TEMP|SALINITY,CAL,0.0,
a064604070b843c798d37bd88bbff284,657,BIT|CAL|DT|GR|NPHI|PE|RHOB|RT|RXO|SALINITY|SP,TEMP,RXO,0.116,
a0e28777844d46c1abec5380b4b07649,672,BIT|CAL|DT|GR|NPHI|PE|RHOB|RT|RXO|SP,TEMP|SALINITY,,0.128,
a16bd326bbcc459ca1e8210d28e5c01e,229,CAL|DT|GR|NPHI|PE|RHOB|RT|RXO|SP,BIT|TEMP|SALINITY,,0.0,
a26eef2210ca43638ab7b0067de040c3,662,CAL|DT|GR|NPHI|PE|RHOB|RT|RXO|SP,BIT|TEMP|SALINITY,,0.0,
a28e37794f574e2f8152800af0040424,517,CAL|DT|GR|NPHI|PE|RHOB|RT|RXO|SALINITY|SP,BIT|TEMP,RXO|CAL,0.0,
a2cbf46395b34ed49b852d0ea172a262,665,CAL|DT|GR|NPHI|PE|RHOB|RT|RXO|SP,BIT|TEMP|SALINITY,,0.0,
a320d645e2054123a82b3669793b63f3,789,CAL|DT|GR|NPHI|PE|RHOB|RT|SP,RXO|BIT|TEMP|SALINITY,,0.0,Non-monotonic / reversed depth detected. Pervasive non-physical density-neutron separation.
a3cf6645ae064d76a242f86d9972d175,658,BIT|CAL|DT|GR|NPHI|PE|RHOB|RT|RXO|SP,TEMP|SALINITY,,0.128,
a3d28d0e14cd4f58a4d251fb3389dc2f,240,CAL|DT|GR|NPHI|PE|RHOB|RT|RXO|SP,BIT|TEMP|SALINITY,,0.0,
a41cf0f4f5dd48388f33b4f6e09be702,533,CAL|DT|GR|NPHI|PE|RHOB|RT|RXO|SP|TEMP,BIT|SALINITY,,0.0,
a438378451494396a456f149f081cc12,107,CAL|DT|GR|NPHI|PE|RHOB|RT|RXO|SP,BIT|TEMP|SALINITY,,0.0,Non-monotonic / reversed depth detected.
a4559501a8004d28a9f63b94c481c990,703,CAL|DT|GR|NPHI|PE|RHOB|RT|SP,RXO|BIT|TEMP|SALINITY,,0.0,
a45fca73b84248e4a4ae442da34efaa8,1099,CAL|DT|GR|NPHI|PE|RHOB|RT|RXO|SP,BIT|TEMP|SALINITY,,0.0,
a4b9b6c969ed4f808c217a1e1b8f5f6f,591,CAL|DT|GR|NPHI|PE|RHOB|RT|RXO|SP,BIT|TEMP|SALINITY,,0.0,
a55bcc06b1ff4b43bc827b8e903e1a57,504,CAL|DT|GR|NPHI|PE|RHOB|RT|RXO|SP,BIT|TEMP|SALINITY,,0.0,
a5eab397f611490cab081f34c38d61d4,530,CAL|DT|GR|NPHI|PE|RHOB|RT|RXO|SP,BIT|TEMP|SALINITY,RXO|CAL,0.0,
a5f85a78e3fc48788ff95b8b28eb334a,943,CAL|DT|GR|NPHI|PE|RHOB|RT|RXO|SP,BIT|TEMP|SALINITY,,0.0,
a60b518a635b44c28022438b2a5eb3d8,1312,CAL|DT|GR|NPHI|PE|RHOB|RT|RXO|SP,BIT|TEMP|SALINITY,,0.0,
a631381fee83432ab7658c474b0558ce,764,CAL|DT|GR|NPHI|PE|RHOB|RT|RXO|SP,BIT|TEMP|SALINITY,RXO,0.0,
a689119fdd3d46a3a7b12c093c79f31e,953,CAL|DT|GR|NPHI|PE|RHOB|RT|RXO|SP,BIT|TEMP|SALINITY,,0.0,
a68c04908e70454fbf93c673414a6fe8,1171,CAL|DT|GR|NPHI|PE|RHOB|RXO|SP,RT|BIT|TEMP|SALINITY,,0.0,
a6d3c219b70447e5875f38bbacc53248,685,CAL|DT|GR|NPHI|PE|RHOB|RT|RXO|SP,BIT|TEMP|SALINITY,,0.0,Non-monotonic / reversed depth detected. Pervasive non-physical density-neutron separation.
a78e207726ac48a996954a994430f518,218,CAL|DT|GR|NPHI|PE|RHOB|RT|RXO|SP,BIT|TEMP|SALINITY,,0.0,
a7e4b87fd1df4999840057ca8631453f,363,CAL|DT|GR|NPHI|PE|RHOB|RT|RXO|SP,BIT|TEMP|SALINITY,RXO,0.0,
a8bda776bcf244778b54fba355385518,2016,CAL|DT|GR|NPHI|PE|RHOB|RT|RXO|SP,BIT|TEMP|SALINITY,,0.0,
a93a88d2e33c4ec6ad1ab4e2ae797dce,469,CAL|DT|GR|NPHI|PE|RHOB|RT|RXO|SP,BIT|TEMP|SALINITY,RXO,0.0,
a9fe7a3ca047416aa1b4a2e9d57f57bd,983,CAL|DT|GR|NPHI|PE|RHOB|RT|RXO|SALINITY|SP|TEMP,BIT,CAL,0.0,
aa3060f71db741ac99eb5d9e81895130,917,CAL|DT|GR|NPHI|PE|RHOB|RT|RXO|SP,BIT|TEMP|SALINITY,,0.0,
aa3727c0c7ca4a29bb31a55b49419be6,803,CAL|DT|GR|NPHI|PE|RHOB|RT|RXO|SP,BIT|TEMP|SALINITY,CAL,0.0,
aa4c813d35a24336bf10bcb7252ccd6e,506,CAL|DT|GR|NPHI|PE|RHOB|RT|RXO|SP,BIT|TEMP|SALINITY,RXO,0.0,
ab151fef037744ea9939c0d6b26d42c4,265,CAL|DT|GR|NPHI|PE|RHOB|RT|RXO|SP,BIT|TEMP|SALINITY,,0.0,
ab6d2876e70c4dca98d2c304ec6186d6,239,CAL|DT|GR|NPHI|PE|RHOB|RT|RXO|SP,BIT|TEMP|SALINITY,CAL,0.0,
ab6eb6b2dd9a4fc792d5839ae0445036,529,CAL|DT|GR|NPHI|PE|RHOB|RT|RXO|SP,BIT|TEMP|SALINITY,,0.0,Pervasive non-physical density-neutron separation.
ab7e57dd6ebf4f6c855cda050494db0a,587,CAL|DT|GR|NPHI|PE|RHOB|RT|RXO|SP,BIT|TEMP|SALINITY,RXO,0.0,
ac3e3f35d2454febae8be2f6b169d92b,314,CAL|DT|GR|NPHI|PE|RHOB|RT|RXO|SP,BIT|TEMP|SALINITY,,0.0,
ac4d195ed6ea4b1082e00b9852b80bf1,394,BIT|CAL|DT|GR|NPHI|PE|RHOB|RXO|SP,RT|TEMP|SALINITY,,0.125,
ac734ca8f69b4b4bad5995659dd0b27a,737,BIT|CAL|DT|GR|NPHI|PE|RHOB|RT|RXO|SALINITY|SP,TEMP,RXO,0.126,
acdae78dc83b439baeda9e712a80bfec,700,CAL|DT|GR|NPHI|PE|RHOB|RT|RXO|SP,BIT|TEMP|SALINITY,,0.0,
aceea6314f3c4573a6bc98dd34e1dba0,427,CAL|DT|GR|NPHI|PE|RHOB|RXO|SP,RT|BIT|TEMP|SALINITY,DT,0.0,Dead/constant primary curve(s): ['DT']
ad85fcc34f3d4eb398ff5b2ac65455f1,414,CAL|DT|GR|NPHI|PE|RHOB|RT|RXO|SP,BIT|TEMP|SALINITY,,0.0,
ae55584502e041d1b8e16b7392e70b56,369,CAL|DT|GR|NPHI|PE|RHOB|RT|RXO|SP,BIT|TEMP|SALINITY,,0.0,
ae65b0fbc7614443b364781649807d67,1096,CAL|DT|GR|NPHI|PE|RHOB|RT|RXO|SP,BIT|TEMP|SALINITY,,0.0,
aeb56d260340458ea2e0b3bf2a116234,936,CAL|DT|GR|NPHI|PE|RHOB|RT|SP,RXO|BIT|TEMP|SALINITY,,0.0,
aec5e600db654893b5d480ff583e2c52,182,CAL|DT|GR|NPHI|PE|RHOB|RT|RXO|SP,BIT|TEMP|SALINITY,,0.0,Non-monotonic / reversed depth detected.
b0923d44342942248c191a8fc9d6a27e,1103,CAL|DT|GR|NPHI|PE|RHOB|RXO|SP,RT|BIT|TEMP|SALINITY,CAL,0.0,
b103acab7951405290b8d757be9d4a0f,257,CAL|DT|GR|NPHI|PE|RHOB|RT|RXO|SP,BIT|TEMP|SALINITY,,0.0,
b3900fb75e874b638828b3a9a44078be,256,CAL|DT|GR|NPHI|PE|RHOB|RT|RXO|SP,BIT|TEMP|SALINITY,,0.0,
b3dfc0f711ed41f0a4d4bdba0810952a,668,CAL|DT|GR|NPHI|PE|RHOB|RT|RXO|SP,BIT|TEMP|SALINITY,CAL,0.0,
b3ec413567c942f9bbe1b6cfb6027473,362,CAL|DT|GR|NPHI|PE|RHOB|RT|RXO|SP,BIT|TEMP|SALINITY,,0.0,
b42f4bc91f0d49ceaf464500f509d38b,960,CAL|DT|GR|NPHI|PE|RHOB|RT|RXO|SP,BIT|TEMP|SALINITY,RXO,0.0,
b5287b7f53eb44fe9f9ad7db306d52b9,493,BIT|CAL|DT|GR|NPHI|PE|RHOB|RT|SP,RXO|TEMP|SALINITY,CAL,0.0,
b5499bcc4ecd434886faa4fed2de2fc3,377,BIT|CAL|DT|GR|NPHI|PE|RHOB|RT|RXO|SP,TEMP|SALINITY,,0.152,Pervasive non-physical density-neutron separation.
b5814d1687524401980b0726d6f4cac5,615,CAL|DT|GR|NPHI|PE|RHOB|RT|RXO|SP,BIT|TEMP|SALINITY,,0.0,
b599468a046045e9b9c8c2b9f700fa94,1298,BIT|CAL|DT|GR|NPHI|PE|RHOB|RT|RXO|SALINITY|SP|TEMP,,RXO|CAL,0.0,
b5e3be2ec4b54373a3d32b80a1fb148b,1088,CAL|DT|GR|NPHI|PE|RHOB|RT|RXO|SP,BIT|TEMP|SALINITY,,0.0,
b64d60a22d5d47bc81c5727143f0e0f9,677,CAL|DT|GR|NPHI|PE|RHOB|RT|RXO|SP|TEMP,BIT|SALINITY,RXO,0.0,Non-monotonic / reversed depth detected. Pervasive non-physical density-neutron separation.
b6675b01f1f64cf9a0f4c4d6a2902942,373,CAL|DT|GR|NPHI|PE|RHOB|RT|SP,RXO|BIT|TEMP|SALINITY,,0.0,
b77b9826eee942aebaba6c3cb8031016,669,CAL|DT|GR|NPHI|PE|RHOB|RT|RXO|SP,BIT|TEMP|SALINITY,CAL,0.0,
b7902bbcac7b4145ac6fd3e7707fdaf4,1094,CAL|DT|GR|NPHI|PE|RHOB|RT|RXO|SP,BIT|TEMP|SALINITY,,0.0,
b847ed7fee84449c8ac2d089a801fea3,401,CAL|GR|NPHI|PE|RHOB|RT|RXO|SP,DT|BIT|TEMP|SALINITY,CAL,0.0,
b91e78bb395d4daa9c2917f2a1c9c8f3,393,CAL|DT|GR|NPHI|PE|RHOB|RT|RXO|SP,BIT|TEMP|SALINITY,,0.0,
b948bc838c114cc790dffa2c89ddacfa,897,CAL|DT|GR|NPHI|PE|RHOB|RXO|SALINITY|SP,RT|BIT|TEMP,,0.0,Non-monotonic / reversed depth detected.
b9ca03ea3f844f239ae2839f0df6da8e,1538,CAL|DT|GR|NPHI|PE|RHOB|RT|RXO|SP,BIT|TEMP|SALINITY,,0.0,
ba5a477dc5f24f1993c3f76fa9212e21,1201,CAL|DT|GR|NPHI|PE|RHOB|RT|RXO|SP,BIT|TEMP|SALINITY,,0.0,
ba5a768403d743afa27a80795d3ee64b,1136,CAL|DT|GR|NPHI|PE|RHOB|RT|RXO|SP,BIT|TEMP|SALINITY,,0.0,
ba5e32d9fd1c41809bb610a487c83567,410,CAL|DT|GR|NPHI|PE|RHOB|RT|RXO|SP,BIT|TEMP|SALINITY,,0.0,
ba6021fa3df94585ad34afb3d90534f0,469,CAL|DT|GR|NPHI|PE|RHOB|RT|RXO|SP,BIT|TEMP|SALINITY,CAL,0.0,
bad8b77631db4671a49c581b7ee4df82,1466,CAL|DT|GR|NPHI|PE|RHOB|RT|RXO|SP,BIT|TEMP|SALINITY,,0.0,
bad978d780e84eb8af1419c468e84d70,1038,BIT|CAL|DT|GR|NPHI|PE|RHOB|RT|RXO|SP,TEMP|SALINITY,,0.116,
bafc228eca614ed1a0cbec904ea8a24d,1011,BIT|CAL|DT|GR|NPHI|PE|RHOB|RT|RXO|SP,TEMP|SALINITY,RXO,0.134,
bb23d425ae744c6d984bcb99ec315682,802,CAL|DT|GR|NPHI|PE|RHOB|RT|RXO|SALINITY|SP,BIT|TEMP,,0.0,
bb2851ad35714dbeae4db5bd904f1969,225,CAL|DT|GR|NPHI|PE|RHOB|RT|RXO|SP,BIT|TEMP|SALINITY,RXO,0.0,
bb640c3dfc0f4376999ee9d20bff6e36,722,BIT|CAL|DT|GR|NPHI|PE|RHOB|RT|RXO|SP,TEMP|SALINITY,,0.127,
bc1c4a67625149158ca58e06f2d4a66a,543,BIT|CAL|DT|GR|NPHI|PE|RHOB|RT|RXO|SP|TEMP,SALINITY,,0.117,
bc9077d266c548b4b14c9909b3fcba51,223,CAL|DT|GR|NPHI|PE|RHOB|RT|RXO|SP,BIT|TEMP|SALINITY,,0.0,Non-monotonic / reversed depth detected.
bc9843e32c134802a45343c9110b9796,775,CAL|DT|GR|NPHI|PE|RHOB|RT|RXO|SP,BIT|TEMP|SALINITY,,0.0,
bcb5652be45f497da67ea459f75bbb6b,899,CAL|DT|GR|NPHI|PE|RHOB|RT|RXO|SP,BIT|TEMP|SALINITY,,0.0,
bd3276400e6347d99a1c1119eae23734,1452,CAL|DT|GR|NPHI|PE|RHOB|RT|RXO|SP,BIT|TEMP|SALINITY,,0.0,
bdab7eddf2dc439093160a1777a54773,348,CAL|DT|GR|NPHI|PE|RHOB|RT|RXO|SALINITY|SP|TEMP,BIT,RXO,0.0,
be7aa9944e8e4c3c9eaf2f0121a963a6,282,CAL|DT|GR|NPHI|PE|RHOB|RT|RXO|SP,BIT|TEMP|SALINITY,,0.0,
be7d21ed46d943a5a993855183b9fa1c,633,CAL|DT|GR|NPHI|PE|RHOB|RXO|SP,RT|BIT|TEMP|SALINITY,,0.0,
beb6340dba134430a1447fa2672a7291,573,CAL|GR|NPHI|PE|RHOB|RT|RXO|SALINITY|SP,DT|BIT|TEMP,RXO,0.0,
bf1c19cbf1304e3686753bb8c0a2a91e,825,CAL|DT|GR|NPHI|PE|RHOB|RT|RXO|SP,BIT|TEMP|SALINITY,CAL,0.0,
bf3c6fe265dc4afa8cd035889eb4d61b,410,CAL|DT|GR|NPHI|PE|RHOB|RT|RXO|SP|TEMP,BIT|SALINITY,,0.0,
c02404c20668405a9ab8b15770998ce6,322,CAL|DT|GR|NPHI|PE|RHOB|RXO|SP,RT|BIT|TEMP|SALINITY,,0.0,
c092458894b14e259234749b5967e42c,471,CAL|DT|GR|NPHI|PE|RHOB|RT|RXO|SP,BIT|TEMP|SALINITY,,0.0,
c0e45b8eeaf944c4826ef8cf49c395e2,453,BIT|CAL|DT|GR|NPHI|PE|RHOB|RT|RXO|SP|TEMP,SALINITY,,0.125,
c19860ebf4274b2abf54aea18d770c0e,884,CAL|DT|GR|NPHI|PE|RHOB|RT|RXO|SP,BIT|TEMP|SALINITY,RXO,0.0,
c1e436c474d0419f820ce4a3fce2d6e5,675,CAL|DT|GR|NPHI|PE|RHOB|RT|RXO|SP,BIT|TEMP|SALINITY,,0.0,
c255171f3cfc4b1db5ab3356e42c96e4,506,CAL|DT|GR|NPHI|PE|RHOB|RT|SP,RXO|BIT|TEMP|SALINITY,,0.0,
c25a7d8b0a7d44ec8d39106ef96597dc,404,CAL|DT|GR|NPHI|PE|RHOB|RT|RXO|SP,BIT|TEMP|SALINITY,,0.0,
c25fb6f564f34db99b3d19778b015dad,591,CAL|DT|GR|NPHI|PE|RHOB|RT|RXO|SALINITY|SP,BIT|TEMP,CAL,0.0,
c28d56baa82447d7b0c7a6e78c511867,226,CAL|DT|GR|NPHI|PE|RHOB|RT|RXO|SP,BIT|TEMP|SALINITY,RXO,0.0,
c3b8a9c281dc4f2ebcf3916ec085c13c,479,CAL|DT|GR|NPHI|PE|RHOB|RT|RXO|SALINITY|SP,BIT|TEMP,CAL,0.0,
c3dc22dbb58340a49d809eccea78e62d,522,CAL|DT|GR|NPHI|PE|RHOB|RT|RXO|SP,BIT|TEMP|SALINITY,,0.0,
c3ede4a161d043549fa0000381074e05,155,CAL|DT|GR|NPHI|PE|RHOB|RT|RXO|SP,BIT|TEMP|SALINITY,RXO,0.0,
c3f165afa995483983440d61381a419c,208,BIT|CAL|DT|GR|NPHI|PE|RHOB|RT|RXO|SP,TEMP|SALINITY,RXO,0.113,
c4cb3d4c14ca4603a28e1d1d8b59b6d7,951,CAL|DT|GR|NPHI|PE|RHOB|RT|RXO|SP,BIT|TEMP|SALINITY,CAL,0.0,
c4d40331190249ef9c7302e3205cf08f,560,CAL|DT|GR|NPHI|PE|RHOB|RT|RXO|SP|TEMP,BIT|SALINITY,CAL,0.0,
c5cf0da7c29746138727e92524c9d4b0,1491,CAL|DT|GR|NPHI|PE|RHOB|RT|RXO|SALINITY|SP|TEMP,BIT,CAL,0.0,
c5d33ed1b0b542f780bc711af2b02798,400,CAL|GR|NPHI|PE|RHOB|RT|RXO|SP,DT|BIT|TEMP|SALINITY,,0.0,
c5e85d0e00084e9d9dbf07885d655a2e,523,CAL|DT|GR|NPHI|PE|RHOB|RT|RXO|SP,BIT|TEMP|SALINITY,,0.0,
c5ebde0006154ccdaea6ddf5b2bbfc8c,541,CAL|DT|GR|NPHI|PE|RHOB|RT|RXO|SP,BIT|TEMP|SALINITY,,0.0,Non-monotonic / reversed depth detected.
c66bb842523249c688670be88df81c8d,158,CAL|DT|GR|NPHI|PE|RHOB|RT|RXO|SP,BIT|TEMP|SALINITY,RXO,0.0,
c6b504ee43354b2e92a3756ea1164de0,248,CAL|DT|GR|NPHI|PE|RHOB|RT|RXO|SALINITY|SP,BIT|TEMP,RXO,0.0,
c6f461ac297441d0952fe980b23ea60c,825,CAL|DT|GR|NPHI|PE|RHOB|RT|RXO|SP,BIT|TEMP|SALINITY,RXO,0.0,
c7632c561b644b5ca2f3855c6cdf7cde,1063,BIT|CAL|DT|GR|NPHI|PE|RHOB|RT|RXO|SP,TEMP|SALINITY,,0.128,
c7a9efc1d26d42a1afd9895c2ab855a2,414,CAL|DT|GR|NPHI|PE|RHOB|RT|RXO|SP,BIT|TEMP|SALINITY,RXO,0.0,
c7d285dff2f3480ca91a42317323054e,825,CAL|DT|GR|NPHI|PE|RHOB|RT|RXO|SP,BIT|TEMP|SALINITY,RXO,0.0,
c81ee4a58ba34758a23bfe984cbbadaa,668,CAL|DT|GR|NPHI|PE|RHOB|RT|RXO|SP,BIT|TEMP|SALINITY,,0.0,
c8814c53241f4a84b9194a462011bc51,1470,CAL|DT|GR|NPHI|PE|RHOB|RT|RXO|SP,BIT|TEMP|SALINITY,RXO|CAL,0.0,
c8be3ea1476c4f069a34ec1a0daaa9db,738,CAL|DT|GR|NPHI|PE|RHOB|RT|RXO|SP,BIT|TEMP|SALINITY,,0.0,
c96dd6f7cffc4e4bbda618df013ee2c1,2082,CAL|DT|GR|NPHI|PE|RHOB|RXO|SP,RT|BIT|TEMP|SALINITY,,0.0,
c978e883ef8f4c93b86f3f227ab7b926,252,CAL|DT|GR|NPHI|PE|RHOB|RT|RXO|SP|TEMP,BIT|SALINITY,,0.0,Pervasive non-physical density-neutron separation.
c99033dbe7bb4dad8951879a1ff57d7d,447,CAL|DT|GR|NPHI|PE|RHOB|RT|RXO|SP,BIT|TEMP|SALINITY,,0.0,
c9a04491523f4fc98849cec3f648bdc1,1055,CAL|DT|GR|NPHI|PE|RHOB|RXO|SP,RT|BIT|TEMP|SALINITY,,0.0,
c9d166f7174640a7868a7d288ef14904,429,CAL|DT|GR|NPHI|PE|RHOB|RT|RXO|SP,BIT|TEMP|SALINITY,,0.0,
c9f9cff411914d52b693d8baf118c3a0,687,CAL|DT|GR|NPHI|PE|RHOB|RT|RXO|SP,BIT|TEMP|SALINITY,CAL,0.0,
ca4637d32cec4e21a8d475aa720bf1df,592,CAL|DT|GR|NPHI|PE|RHOB|RT|RXO|SP,BIT|TEMP|SALINITY,,0.0,
ca4689b32c4140ec8d9bc8818889150d,536,CAL|DT|GR|NPHI|PE|RHOB|RT|RXO|SP,BIT|TEMP|SALINITY,DT|RXO,0.0,Dead/constant primary curve(s): ['DT']
ca4ab208f4a84389a1387b742d1c4b44,746,CAL|DT|GR|NPHI|PE|RHOB|RT|RXO|SP,BIT|TEMP|SALINITY,,0.0,
ca81cc46eee04cefbe8d10f3356f8e59,1925,CAL|DT|GR|NPHI|PE|RHOB|RT|RXO|SP,BIT|TEMP|SALINITY,,0.0,
cc0a41e52dde476390e516a3a96ef843,200,CAL|DT|GR|NPHI|PE|RHOB|RT|RXO|SP,BIT|TEMP|SALINITY,RXO|CAL,0.0,
cc32ecc2d11d4bdf8318973b884cff14,1595,CAL|DT|GR|NPHI|PE|RHOB|RT|RXO|SP,BIT|TEMP|SALINITY,,0.0,
cc93dccb66794ef1923c6ceff7ccb7d7,572,CAL|DT|GR|NPHI|PE|RHOB|RT|RXO|SP,BIT|TEMP|SALINITY,,0.0,
cd179675ae654f719c315e31d0200df4,1546,CAL|DT|GR|NPHI|PE|RHOB|RT|RXO|SP,BIT|TEMP|SALINITY,RXO|CAL,0.0,
cd8100a5c3b64c6c9b8a2696043d0001,541,CAL|DT|GR|NPHI|PE|RHOB|RT|RXO|SP,BIT|TEMP|SALINITY,,0.0,
cd85572c443e4383898c428f53f20b41,496,CAL|DT|GR|NPHI|PE|RHOB|RT|RXO|SP,BIT|TEMP|SALINITY,RXO,0.0,
cd8be522fa304b35a36f51a27e8c68be,202,CAL|DT|GR|NPHI|PE|RHOB|RT|RXO|SP|TEMP,BIT|SALINITY,,0.0,
cded5e12318a4748b35946747bdbd5d2,266,CAL|DT|GR|NPHI|PE|RHOB|RT|RXO|SP,BIT|TEMP|SALINITY,,0.0,
ce5da5a4e69a4047ac182de95c1bc6e5,264,CAL|DT|GR|NPHI|PE|RHOB|RT|RXO|SP,BIT|TEMP|SALINITY,RXO,0.0,
cef729da6e2d45849ac7832a5ca90a1e,677,BIT|CAL|DT|GR|NPHI|PE|RHOB|RT|RXO|SP,TEMP|SALINITY,,0.118,
cf034af9d4914365b9a56d2a2288eedd,378,CAL|DT|GR|NPHI|PE|RHOB|RT|RXO|SP|TEMP,BIT|SALINITY,RXO|CAL,0.0,
cf27141d53de458d8f273e50c13e25c5,1327,CAL|DT|GR|NPHI|PE|RHOB|RT|RXO|SP|TEMP,BIT|SALINITY,,0.0,
cf7261e14ce44c4ab66a9a7667fafaf9,478,CAL|DT|GR|NPHI|PE|RHOB|RT|RXO|SP,BIT|TEMP|SALINITY,,0.0,
d15dd0da7eb8430aa186a0a41fa36a5c,1108,CAL|DT|GR|NPHI|PE|RHOB|RT|RXO|SP,BIT|TEMP|SALINITY,,0.0,
d258d34b89454702a1a340a5e356a19f,437,BIT|CAL|DT|GR|NPHI|PE|RHOB|RT|RXO|SP,TEMP|SALINITY,,0.136,
d2c0259526b34681931d9141dd509302,898,CAL|DT|GR|NPHI|PE|RHOB|RT|RXO|SP,BIT|TEMP|SALINITY,,0.0,
d2d409e1b4454c59847a7c29e001eba7,229,CAL|DT|GR|NPHI|PE|RHOB|RT|RXO|SP,BIT|TEMP|SALINITY,,0.0,Pervasive non-physical density-neutron separation.
d3859c9ac5a547708bb04ba029387c62,540,CAL|DT|GR|NPHI|PE|RHOB|RT|RXO|SP,BIT|TEMP|SALINITY,,0.0,Pervasive non-physical density-neutron separation.
d3869d66b5ac437a8f7d0c94e94b826b,326,CAL|DT|GR|NPHI|PE|RHOB|RT|RXO|SP,BIT|TEMP|SALINITY,,0.0,
d392e94908ac43249c1af8b2046d90ca,1684,CAL|DT|GR|NPHI|PE|RHOB|RT|RXO|SP,BIT|TEMP|SALINITY,,0.0,
d3a0f82db1f64f63adab91501dfd80ba,730,CAL|DT|GR|NPHI|PE|RHOB|RT|RXO|SP|TEMP,BIT|SALINITY,RXO,0.0,
d40f9485e4854480a9028425547fc569,1034,CAL|DT|GR|NPHI|PE|RHOB|RT|SP,RXO|BIT|TEMP|SALINITY,,0.0,
d429e0987e524e79947eff2a88bd9abc,412,CAL|DT|GR|NPHI|PE|RHOB|RT|RXO|SP,BIT|TEMP|SALINITY,RXO,0.0,
d4513e8e3a58465eb356902f90001af8,952,CAL|DT|GR|NPHI|PE|RHOB|RT|RXO|SP,BIT|TEMP|SALINITY,,0.0,
d4dd572ac86847f1af539477d5e5e75d,963,CAL|DT|GR|NPHI|PE|RHOB|RT|SP,RXO|BIT|TEMP|SALINITY,CAL,0.0,Non-monotonic / reversed depth detected. Pervasive non-physical density-neutron separation.
d502e4a05955466ab6b73765c8d5948f,913,CAL|DT|GR|NPHI|PE|RHOB|RT|RXO|SP,BIT|TEMP|SALINITY,,0.0,
d51dce42be4c424280cb1185500926cd,554,CAL|DT|GR|NPHI|PE|RHOB|RT|RXO|SP|TEMP,BIT|SALINITY,CAL,0.0,
d5351619376e44789ab6afed2138b49d,576,CAL|DT|GR|NPHI|PE|RHOB|RT|RXO|SP,BIT|TEMP|SALINITY,RXO,0.0,
d5eea28cfe974dba84658931a3f32348,1051,CAL|DT|GR|NPHI|PE|RHOB|RT|RXO|SP,BIT|TEMP|SALINITY,RXO,0.0,
d61843f86fb74ec285afbf79c3712fef,869,CAL|DT|GR|NPHI|PE|RHOB|RT|RXO|SP,BIT|TEMP|SALINITY,,0.0,
d62c818a3cd6489a9ae40a8a5d6f9612,440,BIT|CAL|DT|GR|NPHI|PE|RHOB|RT|RXO|SP,TEMP|SALINITY,CAL,0.0,
d7358654c48a499990f3e16b17a15a20,1047,CAL|DT|GR|NPHI|PE|RHOB|RT|RXO|SALINITY|SP,BIT|TEMP,CAL,0.0,
d75bd7093c354cb2aca568b446167f68,158,CAL|DT|GR|NPHI|PE|RHOB|RXO|SP,RT|BIT|TEMP|SALINITY,CAL,0.0,
d75e4d341b1b45848cf8b43da9175cc1,540,CAL|DT|GR|NPHI|PE|RHOB|RT|RXO|SP,BIT|TEMP|SALINITY,CAL,0.0,
d7a351d4fb6845e5bbd2442560c22e77,157,CAL|DT|GR|NPHI|PE|RHOB|RT|RXO|SP,BIT|TEMP|SALINITY,RXO,0.0,
d80f359ef2f94b1cab958713f14b2e3e,1685,CAL|DT|GR|NPHI|PE|RHOB|RT|RXO|SP,BIT|TEMP|SALINITY,,0.0,
d84b2b8a7fc84d51ad4b61bd33ea2ce9,399,CAL|DT|GR|NPHI|PE|RHOB|RT|RXO|SP,BIT|TEMP|SALINITY,,0.0,
d867aaaf67a44a3c90950932f5852c16,468,CAL|DT|GR|NPHI|PE|RHOB|RT|RXO|SP,BIT|TEMP|SALINITY,CAL,0.0,
d8b53930357b40de9416dc5f27ffdbf9,278,CAL|DT|GR|NPHI|PE|RHOB|RT|RXO|SP,BIT|TEMP|SALINITY,DT,0.0,Dead/constant primary curve(s): ['DT']
d8c06de7e4c3430cb3916f9b39d591dc,583,CAL|DT|GR|NPHI|PE|RHOB|RT|RXO|SP,BIT|TEMP|SALINITY,CAL,0.0,Non-monotonic / reversed depth detected. Pervasive non-physical density-neutron separation.
d9220e31256f4cdaa1093e542649e1ac,724,CAL|DT|GR|NPHI|PE|RHOB|RT|RXO|SP|TEMP,BIT|SALINITY,,0.0,
d935db9bde5e430faf09dee388a5c0f8,645,CAL|DT|GR|NPHI|PE|RHOB|RT|RXO|SP,BIT|TEMP|SALINITY,,0.0,
d950bd5b60b74d18b48a39eb38fd3bfc,310,CAL|DT|GR|NPHI|PE|RHOB|RT|RXO|SP,BIT|TEMP|SALINITY,,0.0,
d9a8c1c5b26e44598164582d63be77ae,490,CAL|DT|GR|NPHI|PE|RHOB|RT|RXO|SP,BIT|TEMP|SALINITY,,0.0,
d9af0a2a425d4521b6017fb2f437a77d,750,CAL|DT|GR|NPHI|PE|RHOB|RT|RXO|SP,BIT|TEMP|SALINITY,,0.0,
d9d42051df30442092e97169e6b88a33,1207,CAL|DT|GR|NPHI|PE|RHOB|RXO|SP|TEMP,RT|BIT|SALINITY,CAL,0.0,
da397955a3b4458b8548f1a13462241a,350,CAL|DT|GR|NPHI|PE|RHOB|RT|RXO|SP,BIT|TEMP|SALINITY,,0.0,
dad532c012a24bbe9ec6c1fbc52be0c8,413,CAL|DT|GR|NPHI|PE|RHOB|RT|RXO|SALINITY|SP,BIT|TEMP,RXO,0.0,
dba51c8b787542debeb171ae8f402031,547,CAL|DT|GR|NPHI|PE|RHOB|RT|RXO|SP,BIT|TEMP|SALINITY,,0.0,
dbb3c3e2a8fa49c9b9281cbffed6e117,668,CAL|DT|GR|NPHI|PE|RHOB|RT|RXO|SP,BIT|TEMP|SALINITY,RXO,0.0,
dbc3928d388640f1bb0be566935ca726,1134,CAL|DT|GR|NPHI|PE|RHOB|RT|SP,RXO|BIT|TEMP|SALINITY,,0.0,
dc008fdf812840f0843ae1158a9bad74,1314,CAL|DT|GR|NPHI|PE|RHOB|RT|RXO|SP,BIT|TEMP|SALINITY,,0.0,
dc6186f7feec4a4999468cfffc5c138a,1240,CAL|DT|GR|NPHI|PE|RHOB|RT|RXO|SP,BIT|TEMP|SALINITY,RXO,0.0,
dc8efa1e66d942cbb766fe31a202928f,700,CAL|DT|GR|NPHI|PE|RHOB|RT|RXO|SP,BIT|TEMP|SALINITY,,0.0,Pervasive non-physical density-neutron separation.
dd6fe4b5523549de8c5b4a897c33ee0c,303,CAL|DT|GR|NPHI|PE|RHOB|RT|RXO|SP,BIT|TEMP|SALINITY,,0.0,
dd7149c9b3e7413c9f4fd737c8b59647,959,CAL|DT|GR|NPHI|PE|RHOB|RT|RXO|SP,BIT|TEMP|SALINITY,,0.0,
dd78f723570e4d92913f2ae42fac440b,534,CAL|DT|GR|NPHI|PE|RHOB|RT|RXO|SP,BIT|TEMP|SALINITY,CAL,0.0,Non-monotonic / reversed depth detected. Pervasive non-physical density-neutron separation.
dd96b61ad76f45f0918e5dee8a00dc3b,850,CAL|DT|GR|NPHI|PE|RHOB|RXO|SP,RT|BIT|TEMP|SALINITY,CAL,0.0,
dda638641ecd4f8f8032d4c3eaf7f259,505,CAL|DT|GR|NPHI|PE|RHOB|RT|RXO|SP,BIT|TEMP|SALINITY,,0.0,
dda8ab952bdd4f7dad355d2bbe91d577,1298,CAL|DT|GR|NPHI|PE|RHOB|RXO|SP,RT|BIT|TEMP|SALINITY,CAL,0.0,
de8ae31686cb48298598f23477513356,1059,CAL|DT|GR|NPHI|PE|RHOB|RT|RXO|SP|TEMP,BIT|SALINITY,,0.0,
deab90838f3e4e658c8d445ed3da06e5,1401,CAL|DT|GR|NPHI|PE|RHOB|RT|RXO|SP,BIT|TEMP|SALINITY,,0.0,
df9cde6697e0487490e190b75446ff39,637,CAL|DT|GR|NPHI|PE|RHOB|RT|RXO|SP,BIT|TEMP|SALINITY,,0.0,
dfa0b9d8f41d48e7b031550f802867cd,317,CAL|DT|GR|NPHI|PE|RHOB|RT|RXO|SP,BIT|TEMP|SALINITY,CAL,0.0,
e006e096b0064fac817060d1153d0a3a,485,CAL|DT|GR|NPHI|PE|RHOB|RT|RXO|SP,BIT|TEMP|SALINITY,CAL,0.0,
e05ad52621c148fd9f137d77c5ba15cd,1024,CAL|DT|GR|NPHI|PE|RHOB|RT|RXO|SP,BIT|TEMP|SALINITY,CAL,0.0,
e06e1b2f6bcb40f1a19d40f122ca336a,730,CAL|DT|GR|NPHI|PE|RHOB|RT|RXO|SP,BIT|TEMP|SALINITY,RXO,0.0,
e0828c75dd32475c995f338ed69a62f7,1135,CAL|DT|GR|NPHI|PE|RHOB|RXO|SP,RT|BIT|TEMP|SALINITY,CAL,0.0,
e0d161f28e4f43cc941fe7e582f462d3,935,CAL|DT|GR|NPHI|PE|RHOB|RT|RXO|SP|TEMP,BIT|SALINITY,,0.0,
e0eebb8388eb458fa26de7b58b79b281,555,CAL|DT|GR|NPHI|PE|RHOB|RT|RXO|SP|TEMP,BIT|SALINITY,,0.0,
e12d898f973b46ddac9561f650a4a2fd,586,CAL|DT|GR|NPHI|PE|RHOB|RT|RXO|SP,BIT|TEMP|SALINITY,,0.0,Non-monotonic / reversed depth detected.
e142872a7a7445a28b3a5750f5eb945f,443,CAL|DT|GR|NPHI|PE|RHOB|RT|RXO|SP,BIT|TEMP|SALINITY,,0.0,Non-monotonic / reversed depth detected.
e17e396b443b487bbaf9f2f52d5041e2,466,CAL|DT|GR|NPHI|PE|RHOB|RT|RXO|SP,BIT|TEMP|SALINITY,,0.0,
e182e0e5f2c94cb8bff34af8c35c99b1,411,CAL|DT|GR|NPHI|PE|RHOB|RXO|SP,RT|BIT|TEMP|SALINITY,CAL,0.0,
e213148df85d410a8ccd2a42d06a4108,1075,CAL|DT|GR|NPHI|PE|RHOB|RT|RXO|SP,BIT|TEMP|SALINITY,,0.0,
e2af8e4675984cb6870959229f610625,706,CAL|DT|GR|NPHI|PE|RHOB|RT|RXO|SP,BIT|TEMP|SALINITY,,0.0,
e343a5cdaf1441368916f90e573f7ab6,1201,CAL|DT|GR|NPHI|PE|RHOB|RT|RXO|SP|TEMP,BIT|SALINITY,RXO,0.0,
e35e88b0d8d44788a9f26057e89a377c,489,CAL|DT|GR|NPHI|PE|RHOB|RXO|SP,RT|BIT|TEMP|SALINITY,,0.0,
e3fad88129ac4089b929a4883e260cc4,1010,CAL|DT|GR|NPHI|PE|RHOB|RXO|SP,RT|BIT|TEMP|SALINITY,,0.0,
e4057cee9d514914a33dd39fa1c54532,1392,CAL|DT|GR|NPHI|PE|RHOB|RT|RXO|SP,BIT|TEMP|SALINITY,,0.0,
e405b9ff70884e4daf8ac642ef9f128a,686,BIT|CAL|DT|GR|NPHI|PE|RHOB|RXO|SP,RT|TEMP|SALINITY,,0.114,
e41a5a2a14ec47b088d53933d9597c26,1818,CAL|DT|GR|NPHI|PE|RHOB|RT|RXO|SP,BIT|TEMP|SALINITY,,0.0,
e48ea5ccbf4f4464bb30fd2706d1a9be,672,CAL|DT|GR|NPHI|PE|RHOB|RT|RXO|SP,BIT|TEMP|SALINITY,,0.0,
e4f6d57887e647be8a15d685405bef52,158,CAL|DT|GR|NPHI|PE|RHOB|RT|RXO|SP|TEMP,BIT|SALINITY,,0.0,Non-monotonic / reversed depth detected.
e502dbca325047b5a4495b8a0a0246ef,607,CAL|DT|GR|NPHI|PE|RHOB|RT|RXO|SP,BIT|TEMP|SALINITY,,0.0,
e5b3fd61e33f42db9dcace8372d1eddc,160,CAL|DT|GR|NPHI|PE|RHOB|RT|RXO|SP,BIT|TEMP|SALINITY,,0.0,Pervasive non-physical density-neutron separation.
e5b90b7b56c743c9899bba81bd4417d3,1289,CAL|DT|GR|NPHI|PE|RHOB|RT|RXO|SP,BIT|TEMP|SALINITY,,0.0,
e60076b801b5448d9d27c6a21cebc3b0,514,CAL|DT|GR|NPHI|PE|RHOB|RT|RXO|SP,BIT|TEMP|SALINITY,,0.0,
e660a77846784c28afc1c60e70d52108,284,CAL|DT|GR|NPHI|PE|RHOB|RT|RXO|SP,BIT|TEMP|SALINITY,RXO,0.0,
e69975de8dcb4235b4ab9b98d8a9e28d,1229,CAL|DT|GR|NPHI|PE|RHOB|RT|RXO|SALINITY|SP,BIT|TEMP,RXO,0.0,
e760f94fa6cd456e9752205f39326387,948,CAL|DT|GR|NPHI|PE|RHOB|RT|RXO|SP,BIT|TEMP|SALINITY,,0.0,
e7d794d2ef35467388a14e1a52f6aaad,436,CAL|DT|GR|NPHI|PE|RHOB|RT|RXO|SP,BIT|TEMP|SALINITY,,0.0,
e863b973090b4b56927dc51c9aba00c5,311,CAL|DT|GR|NPHI|PE|RHOB|RT|RXO|SP,BIT|TEMP|SALINITY,,0.0,
e8a2b69120d24722b3914f69fe4072aa,763,CAL|DT|GR|NPHI|PE|RHOB|RT|RXO|SP,BIT|TEMP|SALINITY,,0.0,
e8a90ff5e9294000b4fc47b17e1ed153,1122,CAL|DT|GR|NPHI|PE|RHOB|RT|RXO|SP,BIT|TEMP|SALINITY,RXO,0.0,
e8c01d1435f1417190ed81dd94115f59,1006,CAL|DT|GR|NPHI|PE|RHOB|RT|RXO|SP,BIT|TEMP|SALINITY,RXO|CAL,0.0,Non-monotonic / reversed depth detected.
e95c8217b0d74e0786c77b6bf0af5043,1234,CAL|DT|GR|NPHI|PE|RHOB|RT|RXO|SP,BIT|TEMP|SALINITY,CAL,0.0,
e9d553b99f7b4d9db6379d295a63f899,662,CAL|DT|GR|NPHI|PE|RHOB|RT|RXO|SP,BIT|TEMP|SALINITY,RXO,0.0,
ea30b3862f4c496cb5599a0d1567950e,555,CAL|DT|GR|NPHI|PE|RHOB|RT|RXO|SP,BIT|TEMP|SALINITY,RXO|CAL,0.0,
ea5fbc8600524681bea118669a649e92,709,CAL|DT|GR|NPHI|PE|RHOB|RT|RXO|SP,BIT|TEMP|SALINITY,,0.0,
ea69e242e5df4cf3aac89a162390996a,657,BIT|CAL|DT|GR|NPHI|PE|RHOB|RT|RXO|SP|TEMP,SALINITY,,0.135,
eace6fba055d477585f6e290db1664e0,1086,CAL|DT|GR|NPHI|PE|RHOB|RT|RXO|SP,BIT|TEMP|SALINITY,CAL,0.0,
eacff8728ab4402590f56b835faac179,399,CAL|DT|GR|NPHI|PE|RHOB|RT|RXO|SP,BIT|TEMP|SALINITY,RXO,0.0,
ec51c597847442cc991e88d84d293496,226,CAL|DT|GR|NPHI|PE|RHOB|RT|RXO|SP,BIT|TEMP|SALINITY,RXO|CAL,0.0,
ec54c3af9bac43ba804776c0caf0bfb0,516,CAL|DT|GR|NPHI|PE|RHOB|RT|RXO|SP,BIT|TEMP|SALINITY,,0.0,
ec80e3ad44d845fbb3f57456d9cad21a,326,CAL|DT|GR|NPHI|PE|RHOB|RT|RXO|SALINITY|SP,BIT|TEMP,,0.0,
ec8573e4a97e40588c11e576c41bc4d3,1389,CAL|DT|GR|NPHI|PE|RHOB|RT|RXO|SP,BIT|TEMP|SALINITY,CAL,0.0,
ed18e461bc38424fb4c24cdc7c42e61a,818,CAL|DT|GR|NPHI|PE|RHOB|RT|RXO|SP,BIT|TEMP|SALINITY,CAL,0.0,Non-monotonic / reversed depth detected. Pervasive non-physical density-neutron separation.
ede3f6be1a204b7faf4ca0c0e084fbcf,234,CAL|DT|GR|NPHI|PE|RHOB|RT|RXO|SP,BIT|TEMP|SALINITY,,0.0,Non-monotonic / reversed depth detected.
edeaff348b034686a6c522fb819696c1,988,CAL|DT|GR|NPHI|PE|RHOB|RT|RXO|SP,BIT|TEMP|SALINITY,,0.0,
eea781459df448f8804e9bcd69827de6,534,CAL|DT|GR|NPHI|PE|RHOB|RT|SP,RXO|BIT|TEMP|SALINITY,CAL,0.0,
eebc1b1a86fb4b51a7e78c1c5d6742f8,714,CAL|DT|GR|NPHI|PE|RHOB|RT|RXO|SP,BIT|TEMP|SALINITY,RXO,0.0,
eec4c158698441b584af4b0cea5ad5dd,679,CAL|DT|GR|NPHI|PE|RHOB|RT|RXO|SP,BIT|TEMP|SALINITY,RXO,0.0,
ef8d11b9e5da47ba8e6ca27646c6e0d9,289,CAL|DT|GR|NPHI|PE|RHOB|RT|RXO|SP|TEMP,BIT|SALINITY,,0.0,
ef9f6526c6144ec7bd8be8c7d0a35cc2,919,CAL|DT|GR|NPHI|PE|RHOB|RT|RXO|SP,BIT|TEMP|SALINITY,,0.0,
f05ec7f6bf1f4f54aae9ac6f9e78a0bb,235,CAL|DT|GR|NPHI|PE|RHOB|RT|RXO|SP,BIT|TEMP|SALINITY,,0.0,
f127184d853745e1a2985ac721f39bf7,1072,CAL|DT|GR|NPHI|PE|RHOB|RT|SP,RXO|BIT|TEMP|SALINITY,,0.0,
f1383d6126d846108174d465629f3bae,996,CAL|DT|GR|NPHI|PE|RHOB|RT|RXO|SP,BIT|TEMP|SALINITY,,0.0,Non-monotonic / reversed depth detected. Pervasive non-physical density-neutron separation.
f194b71229914327819e57e4c33d517b,1111,CAL|DT|GR|NPHI|PE|RHOB|RT|RXO|SP,BIT|TEMP|SALINITY,CAL,0.0,
f1b461fdcfdc47ef9680eeb5076fe8ec,722,BIT|CAL|DT|GR|NPHI|PE|RHOB|RT|RXO|SP,TEMP|SALINITY,,0.121,
f1ffe3ba914c4f929649c97a7295db03,292,CAL|DT|GR|NPHI|PE|RHOB|RT|RXO|SP,BIT|TEMP|SALINITY,,0.0,
f20234c49aac4e20a0fbd81cfc38cfbf,396,CAL|DT|GR|NPHI|PE|RHOB|RT|RXO|SP,BIT|TEMP|SALINITY,,0.0,
f256c803606f40e395990d156679e382,1317,CAL|DT|GR|NPHI|PE|RHOB|RT|RXO|SP,BIT|TEMP|SALINITY,,0.0,Non-monotonic / reversed depth detected.
f2f3021cb93c44c0813870d2a5114a0d,306,BIT|CAL|DT|GR|NPHI|PE|RHOB|RT|RXO|SP,TEMP|SALINITY,,0.162,
f32b7279e26e4f5982d60f8506149c0c,925,CAL|DT|GR|NPHI|PE|RHOB|RXO|SP,RT|BIT|TEMP|SALINITY,RXO,0.0,
f36a7dde45b94a95afa4cd56d8dc577c,640,CAL|DT|GR|NPHI|PE|RHOB|RT|RXO|SP,BIT|TEMP|SALINITY,,0.0,
f37a34b39f494cbd9ba0ae69aa7058a2,221,CAL|DT|GR|NPHI|PE|RHOB|RT|RXO|SP,BIT|TEMP|SALINITY,DT,0.0,Dead/constant primary curve(s): ['DT']
f3a2f6cf7f084e01bd4a204b0b400d80,283,CAL|DT|GR|NPHI|PE|RHOB|RT|RXO|SP,BIT|TEMP|SALINITY,RXO,0.0,
f3cd8feda4a4411ba90906c785d4f1cc,894,CAL|DT|GR|NPHI|PE|RHOB|RT|SP,RXO|BIT|TEMP|SALINITY,,0.0,
f435c6e9674a4570b7e5d8c1fa78722e,1067,CAL|DT|GR|NPHI|PE|RHOB|RXO|SP,RT|BIT|TEMP|SALINITY,,0.0,
f53dd8dfd99c44cbb1eaf243559453cc,1168,CAL|DT|GR|NPHI|PE|RHOB|RT|RXO|SP,BIT|TEMP|SALINITY,,0.0,
f5e466c497054219b6e299f51428c11a,468,CAL|DT|GR|NPHI|PE|RHOB|RXO|SP,RT|BIT|TEMP|SALINITY,,0.0,
f5fca5903ea340e0a0391eec1a973cb0,855,CAL|DT|GR|NPHI|PE|RHOB|RT|RXO|SP,BIT|TEMP|SALINITY,,0.0,
f75cf13b946a45acaad94dcfab8b5391,472,CAL|DT|GR|NPHI|PE|RHOB|RT|RXO|SP,BIT|TEMP|SALINITY,DT|CAL,0.0,Dead/constant primary curve(s): ['DT']
f7fb5b56cc8440ad8ee6219c16ca8f05,1041,CAL|DT|GR|NPHI|PE|RHOB|RT|RXO|SP,BIT|TEMP|SALINITY,,0.0,Non-monotonic / reversed depth detected. Pervasive non-physical density-neutron separation.
f84d9db27f194df99c2e97c3d25c69ed,954,CAL|DT|GR|NPHI|PE|RHOB|RT|RXO|SP,BIT|TEMP|SALINITY,,0.0,Non-monotonic / reversed depth detected. Pervasive non-physical density-neutron separation.
f8699e9056c74c8ebaa25f2b6e90352c,1069,CAL|DT|GR|NPHI|PE|RHOB|RT|RXO|SP,BIT|TEMP|SALINITY,,0.0,
f86ac8ade9f846719126edc7fc985906,356,CAL|DT|GR|NPHI|PE|RHOB|RXO|SP,RT|BIT|TEMP|SALINITY,CAL,0.0,
f8fe9cf54d1c40709d61e349e6607f40,1583,CAL|DT|GR|NPHI|PE|RHOB|RT|RXO|SP,BIT|TEMP|SALINITY,,0.0,
f913064f20fd460daafac032a706a8ba,271,CAL|DT|GR|NPHI|PE|RHOB|RT|RXO|SP,BIT|TEMP|SALINITY,,0.0,
f94b71b7984044bf82da51c9ce178fae,695,CAL|DT|GR|NPHI|PE|RHOB|RT|RXO|SP|TEMP,BIT|SALINITY,RXO|CAL,0.0,
f964f79095a542339bb762cd1a1373dd,589,CAL|DT|GR|NPHI|PE|RHOB|RT|RXO|SP,BIT|TEMP|SALINITY,,0.0,
f9ce89c1fbce426e81190258a3bfb738,561,CAL|DT|GR|NPHI|PE|RHOB|RT|RXO|SP,BIT|TEMP|SALINITY,DT,0.0,Dead/constant primary curve(s): ['DT']
f9dd3f539b77447a969bd97bfcbebbf9,665,CAL|DT|GR|NPHI|PE|RHOB|RT|RXO|SP,BIT|TEMP|SALINITY,CAL,0.0,
fa270f3706434d7198f5678f5223b285,404,CAL|DT|GR|NPHI|PE|RHOB|RT|RXO|SP,BIT|TEMP|SALINITY,,0.0,
faa00ea500e64beeac2beeeea27345fc,1299,CAL|DT|GR|NPHI|PE|RHOB|RT|RXO|SP,BIT|TEMP|SALINITY,,0.0,Non-monotonic / reversed depth detected. Pervasive non-physical density-neutron separation.
fab05afeb73d4fa7977400182439fe1f,1423,CAL|DT|GR|NPHI|PE|RHOB|RT|RXO|SALINITY|SP,BIT|TEMP,CAL,0.0,
fab377d2387944af88386bb823273465,1011,CAL|DT|GR|NPHI|PE|RHOB|RT|RXO|SP,BIT|TEMP|SALINITY,,0.0,
fae90e7d9dcf47579777ec1b58ea857a,844,CAL|DT|GR|NPHI|PE|RHOB|RT|RXO|SP,BIT|TEMP|SALINITY,,0.0,
fb26e8296d1e4d88a05da1cf02485091,548,CAL|DT|GR|NPHI|PE|RHOB|RT|RXO|SP,BIT|TEMP|SALINITY,,0.0,
fb2e7e9aaa3146dc81463fed92e31468,1049,CAL|DT|GR|NPHI|PE|RHOB|RT|RXO|SP,BIT|TEMP|SALINITY,CAL,0.0,
fb7014aebc6f4e3481ea52c93935a9bc,934,CAL|DT|GR|NPHI|PE|RHOB|RT|RXO|SP,BIT|TEMP|SALINITY,,0.0,
fb96b4c7c87740748b477ab588e43d46,1094,CAL|DT|GR|NPHI|PE|RHOB|RT|RXO|SP,BIT|TEMP|SALINITY,,0.0,
fb9738649e7d4b72a91c9e4db8439b59,935,CAL|DT|GR|NPHI|PE|RHOB|RT|RXO|SP,BIT|TEMP|SALINITY,,0.0,
fc358642dcd9478583c9b898ca45f044,678,CAL|DT|GR|NPHI|PE|RHOB|RT|RXO|SP,BIT|TEMP|SALINITY,,0.0,
fc59fa62ac5846529e3d168a7ec74d5a,639,CAL|DT|GR|NPHI|PE|RHOB|RXO|SP,RT|BIT|TEMP|SALINITY,CAL,0.0,
fc76524ff0b040eb820ea3218d71ff82,1155,CAL|DT|GR|NPHI|PE|RHOB|RT|RXO|SP,BIT|TEMP|SALINITY,RXO,0.0,
fc813aad00ef4cb2a4a0f2a75bb6bf34,614,CAL|DT|GR|NPHI|PE|RHOB|RT|RXO|SP,BIT|TEMP|SALINITY,RXO,0.0,
fc9cabfd1b0147759ce16f0e4e5cb58e,602,CAL|DT|GR|NPHI|PE|RHOB|RT|RXO|SP,BIT|TEMP|SALINITY,RXO,0.0,
fe075ff50d1d47ab90a27d479ac96207,905,CAL|DT|GR|NPHI|PE|RHOB|RT|SP,RXO|BIT|TEMP|SALINITY,,0.0,
fe0ae12eb2b149f685b525a5a3dede92,659,CAL|DT|GR|NPHI|PE|RHOB|RT|RXO|SP,BIT|TEMP|SALINITY,CAL,0.0,Non-monotonic / reversed depth detected.
fe4e55da1e4a41f788b57933d491e17b,506,CAL|DT|GR|NPHI|PE|RHOB|RT|RXO|SP,BIT|TEMP|SALINITY,,0.0,
ff31bd86858e49bda5b22b96e177eda6,630,CAL|DT|GR|NPHI|PE|RHOB|RT|RXO|SP,BIT|TEMP|SALINITY,,0.0,
ff474e749142418b90c167f465c241b2,1473,CAL|DT|GR|NPHI|PE|RHOB|RT|RXO|SP,BIT|TEMP|SALINITY,,0.0,
ff55dc44e45840318863347ef0add1d4,1232,CAL|DT|GR|NPHI|PE|RHOB|RT|RXO|SP,BIT|TEMP|SALINITY,,0.0,
ff71b61cbaf545f6af520c67cf2b1111,745,CAL|DT|GR|NPHI|PE|RHOB|RT|RXO|SP,BIT|TEMP|SALINITY,,0.0,
ffd87ab0c8ef4567922207f65d094062,133,BIT|CAL|DT|GR|NPHI|PE|RHOB|RT|RXO|SP,TEMP|SALINITY,CAL,0.0,Non-monotonic / reversed depth detected.
ffddd41006a3471ca0ea43259d977059,731,CAL|DT|GR|NPHI|PE|RHOB|RT|RXO|SP,BIT|TEMP|SALINITY,,0.0,
fff3555571074fefb82ed582e3d9ccd4,220,CAL|DT|GR|NPHI|PE|RHOB|RT|RXO|SP,BIT|TEMP|SALINITY,,0.0,Non-monotonic / reversed depth detected. Pervasive non-physical density-neutron separation.
